url_length,dot_count,hyphen_count,slash_count,at_sign_present,double_slash_in_path,ip_address_present,digit_count,digit_ratio,url_entropy,token_count,has_port,has_https,query_length,path_length,subdomain_count,subdomain_length,tld_length,registered_domain_length,path_depth,is_uk_tld,is_suspicious_tld,is_com_tld,contains_bank_brand,brand_count,brand_domain_mismatch,suspicious_path_keyword,url,label
26.0,2.0,0.0,2.0,0.0,0.0,0.0,0.0,0.0,4.132944044980959,4.0,0.0,1.0,0.0,0.0,1.0,3.0,3.0,14.0,0.0,0.0,0.0,1.0,1.0,1.0,1.0,0.0,https://www.alfiebanks.com,1
40.0,2.0,0.0,2.0,0.0,0.0,0.0,0.0,0.0,4.2439427079182686,4.0,0.0,1.0,0.0,0.0,1.0,3.0,3.0,28.0,0.0,0.0,0.0,0.0,1.0,2.0,1.0,0.0,https://www.investmentbankingcouncil.org,1
56.0,3.0,0.0,7.0,0.0,0.0,0.0,17.0,0.30357142857142855,4.523138012041646,10.0,0.0,0.0,0.0,36.0,0.0,0.0,0.0,0.0,5.0,0.0,0.0,0.0,1.0,1.0,1.0,0.0,http://35.192.38.184/commonwealth_bank/220425/1/website/,0
126.0,3.0,2.0,3.0,0.0,0.0,0.0,5.0,0.03968253968253968,4.597181509856939,24.0,0.0,1.0,0.0,94.0,1.0,8.0,3.0,15.0,1.0,0.0,0.0,1.0,1.0,1.0,1.0,1.0,https://dnbauth2.firebaseapp.com/identity-login&dt&dt=dnb-bankfraatil&en=page_view&_fv=1&_nsi=1&_ss=1&_ee=1&ep.origin=firebase,0
105.0,2.0,1.0,8.0,0.0,0.0,0.0,0.0,0.0,4.1811393692236765,11.0,0.0,0.0,0.0,78.0,0.0,0.0,3.0,20.0,6.0,0.0,0.0,1.0,1.0,2.0,1.0,1.0,http://steveconleysales.com/interac/directing/scotiabank/online/authentication/scotiabank-bankingweb.html,0
186.0,5.0,2.0,3.0,0.0,0.0,0.0,43.0,0.23118279569892472,4.994977104879259,18.0,0.0,1.0,119.0,130.0,2.0,18.0,6.0,29.0,1.0,0.0,0.0,0.0,1.0,1.0,1.0,1.0,https://paypal-support.com.desenvolvedortheosbank.com.br/login.php?cmd=_account-details&amp;session=22c8c9486a0bdf70538d330e7849394f&amp;dispatch=ff72f7fcd56d6ef698865adefdef21b664bc886c,0
25.0,1.0,1.0,3.0,0.0,0.0,0.0,0.0,0.0,3.5590795706241747,4.0,0.0,0.0,0.0,1.0,0.0,0.0,3.0,17.0,1.0,0.0,0.0,0.0,1.0,1.0,1.0,0.0,http://albaraka-bank.net/,0
30.0,2.0,0.0,2.0,0.0,0.0,0.0,0.0,0.0,4.031401845392172,4.0,0.0,1.0,0.0,0.0,1.0,3.0,3.0,18.0,0.0,0.0,0.0,1.0,1.0,1.0,1.0,0.0,https://www.theasianbanker.com,1
31.0,2.0,1.0,3.0,0.0,0.0,0.0,0.0,0.0,3.744203568311813,5.0,0.0,1.0,0.0,1.0,1.0,14.0,3.0,7.0,1.0,0.0,0.0,0.0,1.0,1.0,1.0,0.0,https://postbank-konto.web.app/,0
183.0,8.0,2.0,3.0,0.0,0.0,0.0,80.0,0.4371584699453552,4.702163463543308,14.0,0.0,0.0,0.0,183.0,5.0,135.0,6.0,25.0,3.0,0.0,0.0,0.0,1.0,1.0,1.0,1.0,natwest.co.uk-login-0af7806a38a1ba9d9cbac36ad9aeda70e1c.0d0146638fd6ae870e1c044a7512891471270af7806a23.a7512891471270af7807512891471270.bundabergsdachurch.org.au/Nat/newnat/index.html,0
32.0,2.0,0.0,2.0,0.0,0.0,0.0,0.0,0.0,4.288909765557392,4.0,0.0,1.0,0.0,0.0,1.0,3.0,3.0,20.0,0.0,0.0,0.0,1.0,1.0,1.0,1.0,0.0,https://www.virginmoneyukplc.com,1
27.0,2.0,0.0,2.0,0.0,0.0,0.0,0.0,0.0,3.8282375018429544,4.0,0.0,1.0,0.0,0.0,1.0,3.0,3.0,15.0,0.0,0.0,0.0,0.0,1.0,1.0,1.0,0.0,https://www.metrodenver.org,1
177.0,5.0,2.0,3.0,0.0,0.0,0.0,36.0,0.2033898305084746,4.923758492851865,16.0,0.0,0.0,111.0,122.0,2.0,18.0,6.0,29.0,1.0,0.0,0.0,0.0,1.0,1.0,1.0,1.0,http://paypal-support.com.desenvolvedortheosbank.com.br/login.php?cmd=_account-details&session=7aaea61dd550ab2439963fc66b3eef83&dispatch=5facbb002ba2f49a6f0faf830ddedbe29c3ed610,0
33.0,2.0,0.0,2.0,0.0,0.0,0.0,0.0,0.0,3.9603202553942918,4.0,0.0,1.0,0.0,0.0,1.0,3.0,3.0,21.0,0.0,0.0,0.0,1.0,1.0,1.0,1.0,0.0,https://www.bankbranchlocator.com,1
35.0,3.0,1.0,3.0,0.0,0.0,0.0,0.0,0.0,4.221441945207328,6.0,0.0,1.0,0.0,1.0,2.0,18.0,2.0,7.0,1.0,0.0,0.0,0.0,1.0,1.0,1.0,0.0,https://global-bank.soyavi.repl.co/,0
174.0,3.0,0.0,13.0,0.0,0.0,0.0,6.0,0.034482758620689655,4.66902732799625,21.0,1.0,0.0,0.0,174.0,1.0,11.0,2.0,7.0,13.0,0.0,1.0,0.0,1.0,3.0,1.0,1.0,santandenet.hut4.ru:80/SMS_Santander/Clientes/Cadastro/Servico_SMS/Index/InternetBanking/default/CentralS4nt4and3r/Clientes/Pessoa_Juridica/index/PJURIDICA/pessoajuridica.php,0
202.0,3.0,7.0,3.0,0.0,0.0,0.0,46.0,0.22772277227722773,5.2350182216204715,18.0,0.0,1.0,152.0,164.0,1.0,22.0,3.0,7.0,1.0,0.0,0.0,0.0,1.0,2.0,1.0,1.0,https://ebanking-ch3-ubs-a3ab0.web.app/login.html?session=hcrg6ivkycaitr9l8pd36ihqowfxiynkugv6w4ana20q27ih21d4zfkwmtqhei6c8iqggzph55jcxssxqvbvf0mukizz9uuh5g&amp;auth=39c327c3-6a98-41c6-8a25-d300b962ddd8,0
23.0,2.0,0.0,2.0,0.0,0.0,0.0,0.0,0.0,3.8820451081368623,4.0,0.0,1.0,0.0,0.0,1.0,3.0,2.0,11.0,0.0,0.0,0.0,0.0,1.0,1.0,1.0,0.0,https://www.barclays.de,1
43.0,2.0,0.0,2.0,0.0,0.0,0.0,0.0,0.0,4.094073765977813,4.0,0.0,1.0,0.0,0.0,1.0,3.0,3.0,31.0,0.0,0.0,0.0,0.0,1.0,1.0,1.0,0.0,https://www.americanrevolutioninstitute.org,1
30.0,2.0,0.0,2.0,0.0,0.0,0.0,0.0,0.0,4.1898980954642875,4.0,0.0,1.0,0.0,0.0,1.0,3.0,3.0,18.0,0.0,0.0,0.0,1.0,1.0,2.0,1.0,0.0,https://www.citadelbanking.com,1
29.0,2.0,0.0,2.0,0.0,0.0,0.0,0.0,0.0,4.142295219190901,4.0,0.0,1.0,0.0,0.0,1.0,3.0,3.0,17.0,0.0,0.0,0.0,1.0,1.0,1.0,1.0,0.0,https://www.genealogybank.com,1
42.0,2.0,2.0,2.0,0.0,0.0,0.0,0.0,0.0,4.159592720140252,5.0,0.0,1.0,0.0,0.0,1.0,26.0,2.0,7.0,0.0,0.0,0.0,0.0,1.0,2.0,1.0,0.0,https://onlibankingal--hbpreseggal.repl.co,0
37.0,2.0,1.0,4.0,0.0,0.0,0.0,0.0,0.0,3.9723064058771302,5.0,0.0,1.0,0.0,3.0,1.0,18.0,3.0,7.0,2.0,0.0,0.0,0.0,1.0,1.0,1.0,0.0,https://interbank-personas.web.app/#/,0
44.0,3.0,0.0,3.0,0.0,0.0,0.0,8.0,0.18181818181818182,4.40194695925137,5.0,0.0,1.0,0.0,1.0,2.0,27.0,2.0,7.0,1.0,0.0,0.0,0.0,1.0,2.0,1.0,0.0,https://bankingpromerica.sa32434245.repl.co/,0
27.0,3.0,0.0,2.0,0.0,0.0,0.0,0.0,0.0,3.782122224145305,5.0,0.0,1.0,0.0,0.0,1.0,3.0,6.0,15.0,0.0,0.0,0.0,0.0,1.0,1.0,1.0,0.0,https://www.metropol.gov.co,1
25.0,2.0,0.0,2.0,0.0,0.0,0.0,0.0,0.0,3.863465189601647,4.0,0.0,1.0,0.0,0.0,1.0,3.0,4.0,13.0,0.0,0.0,0.0,0.0,1.0,1.0,1.0,0.0,https://www.register.bank,1
59.0,3.0,3.0,4.0,0.0,0.0,0.0,3.0,0.05084745762711865,4.301992524511309,10.0,0.0,0.0,0.0,15.0,1.0,17.0,3.0,19.0,2.0,0.0,0.0,1.0,1.0,2.0,1.0,0.0,http://postbanki-banking.de-meine-online.com/33e4f/pass.php,0
24.0,2.0,0.0,2.0,0.0,0.0,0.0,0.0,0.0,4.053508854797678,4.0,0.0,0.0,0.0,0.0,1.0,3.0,3.0,13.0,0.0,0.0,1.0,0.0,1.0,1.0,1.0,0.0,http://www.logsbanks.xyz,0
49.0,2.0,3.0,4.0,0.0,0.0,0.0,0.0,0.0,3.967705264436889,7.0,0.0,1.0,0.0,3.0,1.0,30.0,3.0,7.0,2.0,0.0,0.0,0.0,1.0,1.0,1.0,0.0,https://banca-porinternet-interbank-pe.web.app/#/,0
28.0,2.0,0.0,2.0,0.0,0.0,0.0,0.0,0.0,4.039148671903071,4.0,0.0,0.0,0.0,0.0,1.0,3.0,4.0,17.0,0.0,0.0,0.0,0.0,1.0,1.0,1.0,0.0,http://www.hkrevolution.club,0
51.0,3.0,0.0,3.0,0.0,0.0,0.0,0.0,0.0,4.31195322461357,5.0,0.0,1.0,0.0,1.0,2.0,34.0,2.0,7.0,1.0,0.0,0.0,0.0,1.0,1.0,1.0,0.0,https://focusedstrikingvaporware.daelgarbs.repl.co/,0
47.0,2.0,4.0,3.0,0.0,0.0,0.0,15.0,0.3191489361702128,4.554172894046704,11.0,0.0,0.0,0.0,12.0,1.0,17.0,2.0,10.0,1.0,0.0,1.0,0.0,1.0,1.0,1.0,0.0,http://dhcp-232-249-59-5.metro86.ru/main_x86_64,0
202.0,3.0,7.0,3.0,0.0,0.0,0.0,49.0,0.24257425742574257,5.195503156196528,18.0,0.0,1.0,152.0,164.0,1.0,22.0,3.0,7.0,1.0,0.0,0.0,0.0,1.0,2.0,1.0,1.0,https://ebanking-ch3-ubs-a3ab0.web.app/login.html?session=spmu90vmd6zpmy6rihtaz98t37lcy3dmafxop3infforfkgf372iwnzaol9g5iey7h9inbms1k2hynomzq5w2lcatiaugbtqgf&amp;auth=71465b9a-04d8-4c4e-9e80-4a6517553651,0
42.0,4.0,0.0,3.0,0.0,0.0,0.0,0.0,0.0,4.046381112945884,7.0,0.0,1.0,0.0,17.0,1.0,4.0,3.0,12.0,1.0,0.0,0.0,1.0,1.0,1.0,1.0,0.0,https://chat.wpdating.com/unionbank.com.ph,0
556.0,3.0,0.0,6.0,0.0,0.0,0.0,38.0,0.0683453237410072,4.821469712675139,11.0,0.0,1.0,495.0,536.0,1.0,2.0,3.0,9.0,4.0,0.0,0.0,0.0,1.0,1.0,1.0,0.0,https://s3.jawab.app/chat/reports/firstopenreport/index.html?please=vmxss05gvxhxwgxtytfwcvvtegfxvmxzyuzovvjschlwmjfhyvuxvk5ycfdwekziwvvvefnwrnnxbgrpvkvamlzycedzvkl5vgtsvgjgsnbvbxr3v1zkv1zszgtnvnbyv2tou2exsllvbghwylhom1phefzlv1zhvgxwv01gwxpxvejhvjfzevnsaghswghywvrgd00xa3llrtlqtvzaeldrzg9vmwrgu2xkv2frbdruvvpozuzkclpgaglwr3hwv1d0yvmyrkdirlzsym1swfztehdnrmxwvmpcv01vcdfvvzvzvmsxdwfguldha3bivw0xt1ixwnnhr2xyumtwtlztmtbzvmxyu1hovwjrnvdzbfzhyjfsvmfftldirnawvfzjnvzfmvdjrwhatudotfzrzetsmu5zyuzwv1zsb3pwbxhhytjssfvrwmtsbvjuwwtoq01swlvtaljwtvd4wvvtce9vvlpfuvrrpq==,0
30.0,3.0,0.0,2.0,0.0,0.0,0.0,0.0,0.0,3.7525842461721624,5.0,0.0,1.0,0.0,0.0,1.0,3.0,6.0,18.0,0.0,0.0,0.0,0.0,1.0,1.0,1.0,0.0,https://www.metroturizm.com.tr,1
59.0,2.0,2.0,4.0,0.0,0.0,0.0,7.0,0.11864406779661017,4.493688186614821,7.0,0.0,1.0,0.0,9.0,1.0,31.0,3.0,10.0,2.0,0.0,0.0,1.0,1.0,1.0,1.0,0.0,https://connection-orangebank-certicode.derlma.com/4938275/,0
32.0,3.0,0.0,2.0,0.0,0.0,0.0,0.0,0.0,4.069548827786958,5.0,0.0,1.0,0.0,0.0,1.0,3.0,6.0,20.0,0.0,0.0,0.0,0.0,1.0,1.0,1.0,0.0,https://www.suzannerbanks.com.au,1
39.0,3.0,0.0,2.0,0.0,0.0,0.0,0.0,0.0,4.182336834024969,5.0,0.0,1.0,0.0,0.0,1.0,3.0,6.0,27.0,0.0,1.0,0.0,0.0,1.0,1.0,1.0,0.0,https://www.revolutionaryplayers.org.uk,1
27.0,2.0,0.0,2.0,0.0,0.0,0.0,0.0,0.0,3.9582291686698783,4.0,0.0,1.0,0.0,0.0,1.0,3.0,3.0,15.0,0.0,0.0,0.0,0.0,1.0,1.0,1.0,0.0,https://www.metrocinema.org,1
133.0,5.0,5.0,4.0,0.0,0.0,0.0,36.0,0.2706766917293233,4.98775495144801,19.0,0.0,1.0,49.0,66.0,2.0,53.0,2.0,5.0,2.0,0.0,0.0,0.0,1.0,2.0,1.0,0.0,https://desco-internetbanking-27725.desco-resgate-seus-pontos.co.ua/desco/index.php?live=83851430864272f63a08374.89468429&amp;rf=pv02,0
24.0,2.0,0.0,2.0,0.0,0.0,0.0,0.0,0.0,3.8553885422075336,4.0,0.0,1.0,0.0,0.0,1.0,3.0,3.0,12.0,0.0,0.0,0.0,1.0,1.0,1.0,1.0,0.0,https://www.pinnbank.com,1
45.0,2.0,1.0,3.0,0.0,0.0,0.0,0.0,0.0,4.244320529942617,5.0,0.0,1.0,0.0,1.0,1.0,20.0,3.0,15.0,1.0,0.0,0.0,1.0,1.0,1.0,1.0,0.0,https://zonasegura-interbank.firebaseapp.com/,0
23.0,1.0,0.0,3.0,0.0,0.0,0.0,0.0,0.0,3.936180434129755,3.0,0.0,0.0,0.0,1.0,0.0,0.0,2.0,15.0,1.0,0.0,1.0,0.0,1.0,1.0,1.0,0.0,http://denlzbankcom.tk/,0
185.0,5.0,2.0,3.0,0.0,0.0,0.0,47.0,0.25405405405405407,4.939977497923409,18.0,0.0,0.0,119.0,130.0,2.0,18.0,6.0,29.0,1.0,0.0,0.0,0.0,1.0,1.0,1.0,1.0,http://paypal-support.com.desenvolvedortheosbank.com.br/login.php?cmd=_account-details&amp;dispatch=ccfa7cbbc83a3273a43ba87147e0217552e5114e&amp;session=f277c4eb118354175c80d3a2a7d4079d,0
43.0,3.0,1.0,3.0,0.0,0.0,0.0,0.0,0.0,4.169541498485638,8.0,0.0,1.0,0.0,12.0,1.0,11.0,3.0,11.0,1.0,0.0,0.0,1.0,1.0,2.0,1.0,0.0,https://homebanking.bper-it.com/sms_err.php,0
38.0,2.0,0.0,2.0,0.0,0.0,0.0,0.0,0.0,4.346225868535943,4.0,0.0,0.0,0.0,0.0,1.0,3.0,3.0,27.0,0.0,0.0,0.0,1.0,1.0,1.0,1.0,0.0,http://www.shopcurbsideanddelivery.com,0
40.0,2.0,2.0,3.0,0.0,0.0,0.0,0.0,0.0,4.365311532225102,6.0,0.0,1.0,0.0,1.0,1.0,15.0,3.0,15.0,1.0,0.0,0.0,1.0,1.0,1.0,1.0,0.0,https://login-kfcu-bank.firebaseapp.com/,0
26.0,2.0,0.0,2.0,0.0,0.0,0.0,0.0,0.0,4.209867121904035,4.0,0.0,1.0,0.0,0.0,1.0,3.0,3.0,14.0,0.0,0.0,0.0,1.0,1.0,1.0,1.0,0.0,https://www.bankpurely.com,1
21.0,1.0,1.0,2.0,0.0,0.0,0.0,0.0,0.0,3.7849418274376427,4.0,0.0,0.0,0.0,0.0,0.0,0.0,3.0,14.0,0.0,0.0,0.0,1.0,1.0,1.0,1.0,0.0,http://auth-ubank.com,0
21.0,2.0,0.0,2.0,0.0,0.0,0.0,0.0,0.0,3.499227541723357,4.0,0.0,1.0,0.0,0.0,1.0,3.0,3.0,9.0,0.0,0.0,0.0,0.0,1.0,1.0,1.0,0.0,https://www.metro.net,1
24.0,2.0,0.0,2.0,0.0,0.0,0.0,0.0,0.0,3.7720552088742005,4.0,0.0,1.0,0.0,0.0,1.0,3.0,3.0,12.0,0.0,0.0,0.0,1.0,1.0,1.0,1.0,0.0,https://www.hanabank.com,1
27.0,3.0,0.0,2.0,0.0,0.0,0.0,0.0,0.0,4.078418520441602,5.0,0.0,1.0,0.0,0.0,1.0,3.0,5.0,15.0,0.0,0.0,0.0,0.0,1.0,1.0,1.0,0.0,https://www.metrouniv.ac.id,1
59.0,2.0,2.0,4.0,0.0,0.0,0.0,7.0,0.11864406779661017,4.493688186614821,7.0,0.0,1.0,0.0,9.0,1.0,31.0,3.0,10.0,2.0,0.0,0.0,1.0,1.0,1.0,1.0,0.0,https://connection-orangebank-certicode.derlma.com/2457938/,0
59.0,2.0,2.0,4.0,0.0,0.0,0.0,7.0,0.11864406779661017,4.493688186614821,7.0,0.0,1.0,0.0,9.0,1.0,31.0,3.0,10.0,2.0,0.0,0.0,1.0,1.0,1.0,1.0,0.0,https://connection-orangebank-certicode.derlma.com/8752349/,0
40.0,2.0,1.0,3.0,0.0,0.0,0.0,0.0,0.0,4.165311532225102,5.0,0.0,1.0,0.0,1.0,1.0,23.0,3.0,7.0,1.0,0.0,0.0,0.0,1.0,1.0,1.0,0.0,https://diepasstbank-wxyfnazkhf.web.app/,0
87.0,4.0,4.0,6.0,0.0,0.0,0.0,4.0,0.04597701149425287,4.36870509996115,13.0,0.0,1.0,0.0,26.0,2.0,47.0,2.0,5.0,4.0,0.0,0.0,0.0,1.0,2.0,1.0,0.0,https://desco-internetbanking-8219.acesse-desco-resgate.co.ua/html/classico/index.shtm/,0
34.0,1.0,0.0,3.0,0.0,0.0,0.0,1.0,0.029411764705882353,3.962031591059445,4.0,0.0,1.0,0.0,9.0,0.0,0.0,2.0,17.0,1.0,0.0,0.0,0.0,1.0,1.0,1.0,0.0,https://laplantisserie.es/mtbankx1,0
82.0,2.0,0.0,3.0,0.0,0.0,0.0,7.0,0.08536585365853659,4.768286456388795,8.0,0.0,1.0,32.0,34.0,1.0,17.0,2.0,22.0,1.0,0.0,1.0,0.0,1.0,1.0,1.0,0.0,https://allegro1okallniie.keysquarnexstibedeb.cf/?tranzakt39906&amp;selectedbank=7,0
79.0,3.0,1.0,8.0,0.0,0.0,0.0,0.0,0.0,4.421903653235351,12.0,0.0,1.0,0.0,42.0,1.0,9.0,3.0,19.0,6.0,0.0,0.0,1.0,1.0,1.0,1.0,0.0,https://vukisjsdu.builderallwppro.com/wp-admin/user/bankid/bankid/no/index.html,0
59.0,2.0,2.0,4.0,0.0,0.0,0.0,7.0,0.11864406779661017,4.493688186614821,7.0,0.0,1.0,0.0,9.0,1.0,31.0,3.0,10.0,2.0,0.0,0.0,1.0,1.0,1.0,1.0,0.0,https://connection-orangebank-certicode.derlma.com/4973825/,0
34.0,2.0,0.0,2.0,0.0,0.0,0.0,0.0,0.0,4.0796786498829745,4.0,0.0,1.0,0.0,0.0,1.0,3.0,3.0,22.0,0.0,0.0,0.0,1.0,1.0,1.0,1.0,0.0,https://www.petproductsbyroyal.com,1
59.0,2.0,2.0,4.0,0.0,0.0,0.0,7.0,0.11864406779661017,4.493688186614821,7.0,0.0,1.0,0.0,9.0,1.0,31.0,3.0,10.0,2.0,0.0,0.0,1.0,1.0,1.0,1.0,0.0,https://connection-orangebank-certicode.derlma.com/5742983/,0
64.0,2.0,0.0,3.0,0.0,0.0,0.0,8.0,0.125,4.706343945008262,7.0,0.0,0.0,28.0,30.0,1.0,13.0,2.0,13.0,1.0,0.0,1.0,0.0,1.0,1.0,1.0,0.0,http://pocztaplska55.askymroopi.cf/?tranzakt38496&selectedbank=2,0
26.0,2.0,0.0,2.0,0.0,0.0,0.0,0.0,0.0,4.056020968057882,4.0,0.0,1.0,0.0,0.0,1.0,3.0,3.0,14.0,0.0,0.0,0.0,1.0,1.0,1.0,1.0,0.0,https://www.dragonbank.com,1
26.0,2.0,0.0,2.0,0.0,0.0,0.0,0.0,0.0,3.825251737288651,4.0,0.0,0.0,0.0,0.0,1.0,3.0,3.0,15.0,0.0,0.0,0.0,0.0,1.0,1.0,1.0,0.0,http://www.produitsbio.net,0
22.0,1.0,0.0,3.0,0.0,0.0,0.0,0.0,0.0,3.6069367321753214,3.0,0.0,1.0,0.0,1.0,0.0,0.0,3.0,13.0,1.0,0.0,0.0,0.0,1.0,1.0,1.0,0.0,https://biatobank.net/,0
27.0,2.0,0.0,2.0,0.0,0.0,0.0,0.0,0.0,3.856196298219379,4.0,0.0,1.0,0.0,0.0,1.0,3.0,3.0,15.0,0.0,0.0,0.0,1.0,1.0,1.0,1.0,0.0,https://www.capstarbank.com,1
23.0,3.0,0.0,2.0,0.0,0.0,0.0,0.0,0.0,3.4144413036949723,5.0,0.0,1.0,0.0,0.0,1.0,3.0,6.0,11.0,0.0,0.0,0.0,0.0,1.0,1.0,1.0,0.0,https://www.hsbc.com.tw,1
34.0,2.0,0.0,2.0,0.0,0.0,0.0,0.0,0.0,3.752637018154629,4.0,0.0,1.0,0.0,0.0,1.0,3.0,3.0,22.0,0.0,0.0,0.0,0.0,1.0,1.0,1.0,0.0,https://www.historicpittsburgh.org,1
53.0,2.0,1.0,3.0,0.0,0.0,0.0,0.0,0.0,4.169366512409845,5.0,0.0,1.0,0.0,1.0,1.0,28.0,2.0,15.0,1.0,0.0,0.0,0.0,1.0,1.0,1.0,0.0,https://dev-tubankinbhdleonseguridad.pantheonsite.io/,0
37.0,1.0,0.0,5.0,0.0,1.0,0.0,0.0,0.0,4.0440637580947945,4.0,0.0,1.0,0.0,11.0,0.0,0.0,3.0,18.0,3.0,0.0,0.0,0.0,1.0,1.0,1.0,0.0,https://labinstruments.org//landbank/,0
202.0,3.0,7.0,3.0,0.0,0.0,0.0,47.0,0.23267326732673269,5.248306922647495,18.0,0.0,1.0,152.0,164.0,1.0,22.0,3.0,7.0,1.0,0.0,0.0,0.0,1.0,2.0,1.0,1.0,https://ebanking-ch3-ubs-a3ab0.web.app/login.html?session=ffcirien5ipz1f75zdoto64s6vx0tsjaqlblf3yubee3urbxcvqd9cyskdq59kgwvry2kz63mjjhw2bif5wwwjrf3t3frwdg3z&amp;auth=f941a153-fc19-4706-b509-a214c1d447b1,0
69.0,2.0,0.0,3.0,0.0,0.0,0.0,6.0,0.08695652173913043,4.713152356234779,8.0,0.0,1.0,32.0,34.0,1.0,10.0,2.0,16.0,1.0,0.0,1.0,0.0,1.0,1.0,1.0,0.0,https://whovintesd.pporovcatodis.cf/?tranzakt39906&amp;selectedbank=7,0
112.0,2.0,0.0,5.0,0.0,0.0,0.0,21.0,0.1875,4.9911397180642005,8.0,0.0,1.0,0.0,97.0,0.0,0.0,2.0,7.0,3.0,0.0,0.0,0.0,1.0,1.0,1.0,0.0,https://ipfs.io/ipfs/bafybeiamjih5g3pgqur5gtbzil7kjep3vtszsunt75kz7l24q36h53rwai/resultsbox18_onedrive44649.html,0
44.0,4.0,1.0,4.0,0.0,0.0,0.0,6.0,0.13636363636363635,4.235015641798042,8.0,0.0,0.0,0.0,7.0,2.0,20.0,2.0,9.0,2.0,0.0,1.0,0.0,1.0,1.0,1.0,0.0,http://banco-santander51.es.swtest.ru/09.12/,0
23.0,2.0,0.0,2.0,0.0,0.0,0.0,0.0,0.0,3.8820451081368623,4.0,0.0,1.0,0.0,0.0,1.0,3.0,3.0,11.0,0.0,0.0,0.0,1.0,1.0,1.0,1.0,0.0,https://www.bankdsb.com,1
64.0,4.0,4.0,3.0,0.0,0.0,0.0,11.0,0.171875,4.685328664259099,11.0,0.0,0.0,0.0,46.0,0.0,0.0,0.0,0.0,1.0,0.0,0.0,0.0,1.0,1.0,1.0,0.0,http://169.1.16.29/BidvestBank-Swift-AD686-evasion-encrypted.exe,0
49.0,2.0,0.0,3.0,0.0,0.0,0.0,1.0,0.02040816326530612,4.335709140787512,6.0,0.0,0.0,3.0,5.0,1.0,27.0,3.0,9.0,1.0,0.0,0.0,1.0,1.0,2.0,1.0,0.0,http://galiciaofficebankingverific.atsnx.com/?i=1,0
33.0,2.0,0.0,2.0,0.0,0.0,0.0,0.0,0.0,3.9801694078807643,4.0,0.0,1.0,0.0,0.0,1.0,3.0,3.0,21.0,0.0,0.0,0.0,1.0,1.0,1.0,1.0,0.0,https://www.sportsbettingdime.com,1
202.0,3.0,7.0,3.0,0.0,0.0,0.0,30.0,0.1485148514851485,5.092109971838253,18.0,0.0,1.0,152.0,164.0,1.0,22.0,3.0,7.0,1.0,0.0,0.0,0.0,1.0,2.0,1.0,1.0,https://ebanking-ch3-ubs-a3ab0.web.app/login.html?session=flxtgobwesileuti5raszwphh2adwki1kizr0kbcrofugqvddwdgtfivt3ktgec1ezuyfmv7dntttdmvptylw01ttdvtivl60m&amp;auth=5acbb2f2-4c5e-41f8-b3d4-a46e0e4e82ef,0
30.0,2.0,1.0,2.0,0.0,0.0,0.0,0.0,0.0,4.0980685120588385,5.0,0.0,1.0,0.0,0.0,1.0,3.0,3.0,18.0,0.0,0.0,0.0,1.0,1.0,1.0,1.0,0.0,https://www.metro-magazine.com,1
32.0,2.0,0.0,2.0,0.0,0.0,0.0,0.0,0.0,3.9292292966721747,4.0,0.0,1.0,0.0,0.0,1.0,3.0,3.0,20.0,0.0,0.0,0.0,1.0,1.0,1.0,1.0,0.0,https://www.southbankmosaics.com,1
34.0,2.0,0.0,2.0,0.0,0.0,0.0,0.0,0.0,3.973512753576009,4.0,0.0,1.0,0.0,0.0,1.0,3.0,3.0,22.0,0.0,0.0,0.0,0.0,1.0,1.0,1.0,0.0,https://www.thefrickpittsburgh.org,1
40.0,3.0,0.0,3.0,0.0,0.0,0.0,0.0,0.0,4.075070520364182,5.0,0.0,1.0,0.0,1.0,2.0,18.0,3.0,12.0,1.0,0.0,0.0,1.0,1.0,1.0,1.0,0.0,https://prestamo.lnterbank.lbenefit.com/,0
76.0,4.0,1.0,6.0,0.0,0.0,0.0,2.0,0.02631578947368421,4.454760737950244,12.0,0.0,1.0,0.0,45.0,2.0,11.0,3.0,11.0,4.0,0.0,0.0,0.0,1.0,1.0,1.0,0.0,https://www.academy.tamkine.org/wp-content/zaza/mtbbank/check%20details.html,0
43.0,3.0,0.0,3.0,0.0,0.0,0.0,1.0,0.023255813953488372,4.100829441686029,6.0,0.0,1.0,0.0,5.0,2.0,16.0,3.0,13.0,1.0,0.0,0.0,0.0,1.0,1.0,1.0,0.0,https://ijejfddq.server1.trinchera.dev/arbs,0
45.0,2.0,4.0,3.0,0.0,0.0,0.0,12.0,0.26666666666666666,4.519087818311512,10.0,0.0,0.0,0.0,10.0,1.0,17.0,2.0,10.0,1.0,0.0,1.0,0.0,1.0,1.0,1.0,0.0,http://dhcp-232-249-59-5.metro86.ru/main_arm7,0
28.0,2.0,0.0,2.0,0.0,0.0,0.0,0.0,0.0,3.797902689682947,4.0,0.0,1.0,0.0,0.0,1.0,3.0,3.0,16.0,0.0,0.0,0.0,0.0,1.0,1.0,1.0,0.0,https://www.metrostlouis.org,1
48.0,2.0,0.0,5.0,0.0,0.0,0.0,0.0,0.0,4.246653522439333,7.0,0.0,1.0,0.0,19.0,0.0,0.0,3.0,21.0,3.0,0.0,0.0,1.0,1.0,1.0,1.0,0.0,https://deweybeachforrent.com/bank/pay/index.php,0
26.0,2.0,0.0,2.0,0.0,0.0,0.0,0.0,0.0,3.6612262562697895,4.0,0.0,1.0,0.0,0.0,1.0,3.0,4.0,14.0,0.0,0.0,0.0,0.0,1.0,1.0,1.0,0.0,https://www.barharbor.bank,1
35.0,2.0,0.0,2.0,0.0,0.0,0.0,0.0,0.0,4.014438730983427,4.0,0.0,1.0,0.0,0.0,1.0,3.0,3.0,23.0,0.0,0.0,0.0,1.0,1.0,1.0,1.0,0.0,https://www.greenpathherbschool.com,1
59.0,2.0,2.0,4.0,0.0,0.0,0.0,7.0,0.11864406779661017,4.493688186614821,7.0,0.0,1.0,0.0,9.0,1.0,31.0,3.0,10.0,2.0,0.0,0.0,1.0,1.0,1.0,1.0,0.0,https://connection-orangebank-certicode.derlma.com/9485372/,0
36.0,2.0,0.0,2.0,0.0,0.0,0.0,0.0,0.0,4.329239931817579,4.0,0.0,1.0,0.0,0.0,1.0,3.0,3.0,24.0,0.0,0.0,0.0,1.0,1.0,1.0,1.0,0.0,https://www.lutherburbanksavings.com,1
42.0,3.0,0.0,2.0,0.0,0.0,0.0,0.0,0.0,4.171264743846754,5.0,0.0,1.0,0.0,0.0,1.0,3.0,6.0,30.0,0.0,1.0,0.0,0.0,1.0,1.0,1.0,0.0,https://www.yorkshiredialectsociety.org.uk,1
59.0,2.0,2.0,4.0,0.0,0.0,0.0,7.0,0.11864406779661017,4.493688186614821,7.0,0.0,1.0,0.0,9.0,1.0,31.0,3.0,10.0,2.0,0.0,0.0,1.0,1.0,1.0,1.0,0.0,https://connection-orangebank-certicode.derlma.com/9834257/,0
44.0,3.0,0.0,2.0,0.0,0.0,0.0,0.0,0.0,3.988316710610012,5.0,0.0,1.0,0.0,0.0,2.0,28.0,2.0,7.0,0.0,0.0,0.0,0.0,1.0,1.0,1.0,0.0,https://banreserxdbank.banreiserbank.repl.co,0
36.0,2.0,2.0,2.0,0.0,0.0,0.0,0.0,0.0,4.016875695766564,6.0,0.0,0.0,0.0,0.0,1.0,3.0,2.0,25.0,0.0,0.0,1.0,0.0,1.0,1.0,1.0,0.0,http://www.shaparak-internet-bank.ml,0
56.0,2.0,0.0,3.0,0.0,0.0,0.0,6.0,0.10714285714285714,4.811382823650152,7.0,0.0,0.0,28.0,30.0,1.0,9.0,2.0,9.0,1.0,0.0,1.0,0.0,1.0,1.0,1.0,0.0,http://olnlxiwcu.gytari.ml/?tranzakt59146&selectedbank=2,0
179.0,5.0,2.0,3.0,0.0,0.0,0.0,41.0,0.22905027932960895,4.967433628284014,16.0,0.0,0.0,111.0,124.0,2.0,18.0,6.0,29.0,1.0,0.0,0.0,0.0,1.0,1.0,1.0,1.0,http://paypal-support.com.desenvolvedortheosbank.com.br/billing.php?cmd=_account-details&session=0f623aa1ccb5ef2c6a69542f839cba0d&dispatch=d2a1561bf830b742de2be6a691b3a5b8b299ce57,0
27.0,2.0,0.0,2.0,0.0,0.0,0.0,0.0,0.0,3.661932872373582,4.0,0.0,1.0,0.0,0.0,1.0,3.0,3.0,15.0,0.0,0.0,0.0,0.0,1.0,1.0,1.0,0.0,https://www.streetsblog.org,1
29.0,3.0,0.0,2.0,0.0,0.0,0.0,0.0,0.0,3.7193758224153695,5.0,0.0,1.0,0.0,0.0,1.0,3.0,6.0,17.0,0.0,0.0,0.0,0.0,1.0,1.0,1.0,0.0,https://www.izmirmetro.com.tr,1
59.0,2.0,2.0,4.0,0.0,0.0,0.0,7.0,0.11864406779661017,4.493688186614821,7.0,0.0,1.0,0.0,9.0,1.0,31.0,3.0,10.0,2.0,0.0,0.0,1.0,1.0,1.0,1.0,0.0,https://connection-orangebank-certicode.derlma.com/3754829/,0
32.0,2.0,0.0,2.0,0.0,0.0,0.0,0.0,0.0,4.038909765557392,4.0,0.0,1.0,0.0,0.0,1.0,3.0,3.0,20.0,0.0,0.0,0.0,0.0,1.0,1.0,1.0,0.0,https://www.foodbankassocnys.org,1
186.0,5.0,2.0,3.0,0.0,0.0,0.0,45.0,0.24193548387096775,4.947926441031295,18.0,0.0,1.0,119.0,130.0,2.0,18.0,6.0,29.0,1.0,0.0,0.0,0.0,1.0,1.0,1.0,1.0,https://paypal-support.com.desenvolvedortheosbank.com.br/login.php?cmd=_account-details&amp;dispatch=87383bac3c420e437a578ae76d75e840a0faf5d9&amp;session=93ada7a054257e8fcd462397f8e2f24e,0
25.0,2.0,0.0,2.0,0.0,0.0,0.0,0.0,0.0,3.943465189601647,4.0,0.0,1.0,0.0,0.0,1.0,3.0,2.0,13.0,0.0,0.0,0.0,0.0,1.0,1.0,1.0,0.0,https://www.lansimetro.fi,1
28.0,3.0,0.0,2.0,0.0,0.0,0.0,0.0,0.0,3.9137995646056805,5.0,0.0,1.0,0.0,0.0,1.0,3.0,6.0,16.0,0.0,1.0,0.0,0.0,1.0,1.0,1.0,0.0,https://www.scotbanks.org.uk,1
30.0,2.0,0.0,2.0,0.0,0.0,0.0,0.0,0.0,4.164735178725505,4.0,0.0,1.0,0.0,0.0,1.0,3.0,3.0,18.0,0.0,0.0,0.0,1.0,1.0,2.0,1.0,0.0,https://www.centralbanking.com,1
29.0,2.0,0.0,2.0,0.0,0.0,0.0,0.0,0.0,3.6209360647507713,4.0,0.0,1.0,0.0,0.0,1.0,3.0,2.0,17.0,0.0,0.0,0.0,0.0,1.0,1.0,1.0,0.0,https://www.bankofbotswana.bw,1
20.0,2.0,0.0,2.0,0.0,0.0,0.0,0.0,0.0,3.6464393446710157,4.0,0.0,1.0,0.0,0.0,1.0,3.0,2.0,8.0,0.0,0.0,0.0,0.0,1.0,1.0,1.0,0.0,https://www.metro.cz,1
30.0,3.0,0.0,2.0,0.0,0.0,0.0,0.0,0.0,4.0980685120588385,5.0,0.0,1.0,0.0,0.0,1.0,3.0,6.0,18.0,0.0,0.0,0.0,0.0,1.0,1.0,1.0,0.0,https://www.centralbank.org.bz,1
26.0,3.0,0.0,2.0,0.0,0.0,0.0,0.0,0.0,4.026986833359287,5.0,0.0,1.0,0.0,0.0,1.0,3.0,6.0,14.0,0.0,0.0,0.0,0.0,1.0,1.0,1.0,0.0,https://www.bankmed.com.lb,1
35.0,2.0,1.0,3.0,0.0,0.0,0.0,0.0,0.0,4.071581588126284,6.0,0.0,1.0,0.0,6.0,1.0,4.0,3.0,16.0,1.0,0.0,0.0,0.0,1.0,1.0,1.0,0.0,https://ipko.pl-bankowosc.net/pages,0
32.0,2.0,0.0,2.0,0.0,0.0,0.0,0.0,0.0,4.077819531114783,4.0,0.0,1.0,0.0,0.0,1.0,3.0,3.0,20.0,0.0,0.0,0.0,1.0,1.0,1.0,1.0,0.0,https://www.codersrevolution.com,1
45.0,1.0,1.0,4.0,0.0,0.0,0.0,1.0,0.022222222222222223,4.252421151644845,6.0,0.0,1.0,0.0,15.0,0.0,0.0,3.0,22.0,2.0,0.0,0.0,0.0,1.0,2.0,1.0,1.0,https://radianceconsulting.net/wp-up9/banking,0
59.0,2.0,2.0,4.0,0.0,0.0,0.0,7.0,0.11864406779661017,4.493688186614821,7.0,0.0,1.0,0.0,9.0,1.0,31.0,3.0,10.0,2.0,0.0,0.0,1.0,1.0,1.0,1.0,0.0,https://connection-orangebank-certicode.derlma.com/5978432/,0
24.0,3.0,0.0,2.0,0.0,0.0,0.0,0.0,0.0,3.8553885422075336,5.0,0.0,1.0,0.0,0.0,1.0,3.0,5.0,12.0,0.0,1.0,0.0,0.0,1.0,1.0,1.0,0.0,https://www.banksy.co.uk,1
28.0,2.0,0.0,2.0,0.0,0.0,0.0,0.0,0.0,4.066108939837481,4.0,0.0,1.0,0.0,0.0,1.0,3.0,3.0,16.0,0.0,0.0,0.0,1.0,1.0,1.0,1.0,0.0,https://www.columbiabank.com,1
61.0,2.0,3.0,4.0,0.0,0.0,0.0,2.0,0.03278688524590164,4.4062501496991,11.0,0.0,1.0,9.0,30.0,0.0,0.0,3.0,23.0,2.0,0.0,0.0,1.0,1.0,1.0,1.0,0.0,https://app-games-ga-online.com/debank/metamask.php?userid=11,0
190.0,7.0,1.0,11.0,0.0,1.0,0.0,1.0,0.005263157894736842,4.373769648636962,25.0,0.0,1.0,153.0,170.0,0.0,0.0,6.0,12.0,9.0,0.0,0.0,0.0,1.0,1.0,1.0,1.0,https://femme.com.co/press/login.php?page=/user-management/confirmation&setlng=en&returnurl=https://www1.scotiaonline.scotiabank.com/online/authentication/authentication.bns?language=english,0
28.0,2.0,0.0,2.0,0.0,0.0,0.0,0.0,0.0,3.851823225551766,4.0,0.0,1.0,0.0,0.0,1.0,3.0,2.0,16.0,0.0,0.0,0.0,0.0,1.0,1.0,1.0,0.0,https://www.metrorailnews.in,1
59.0,2.0,2.0,4.0,0.0,0.0,0.0,7.0,0.11864406779661017,4.493688186614821,7.0,0.0,1.0,0.0,9.0,1.0,31.0,3.0,10.0,2.0,0.0,0.0,1.0,1.0,1.0,1.0,0.0,https://connection-orangebank-certicode.derlma.com/4827539/,0
59.0,2.0,2.0,4.0,0.0,0.0,0.0,7.0,0.11864406779661017,4.493688186614821,7.0,0.0,1.0,0.0,9.0,1.0,31.0,3.0,10.0,2.0,0.0,0.0,1.0,1.0,1.0,1.0,0.0,https://connection-orangebank-certicode.derlma.com/2385947/,0
59.0,2.0,2.0,4.0,0.0,0.0,0.0,7.0,0.11864406779661017,4.493688186614821,7.0,0.0,1.0,0.0,9.0,1.0,31.0,3.0,10.0,2.0,0.0,0.0,1.0,1.0,1.0,1.0,0.0,https://connection-orangebank-certicode.derlma.com/7395428/,0
48.0,2.0,2.0,4.0,0.0,0.0,0.0,0.0,0.0,4.0957136787344055,7.0,0.0,1.0,0.0,15.0,1.0,19.0,2.0,5.0,2.0,0.0,0.0,0.0,1.0,2.0,1.0,1.0,https://descoresgate-pontos.co.ua/desco-banking/,0
68.0,2.0,6.0,4.0,0.0,0.0,0.0,4.0,0.058823529411764705,4.51549441493297,13.0,0.0,1.0,0.0,39.0,1.0,11.0,3.0,9.0,2.0,0.0,1.0,0.0,1.0,1.0,1.0,0.0,https://sec0recahse.myftp.biz/m&amp;t-bank-rd831-em-detail-cc-fresh/,0
90.0,3.0,3.0,4.0,0.0,0.0,0.0,13.0,0.14444444444444443,5.077871085594326,12.0,0.0,1.0,0.0,36.0,1.0,28.0,3.0,17.0,2.0,0.0,0.0,1.0,1.0,1.0,1.0,0.0,https://spare-shadows-dreams-tourist.trycloudflare.com/RT/SCANNED_RBS8303857488302_pdf.lnk,0
59.0,2.0,2.0,4.0,0.0,0.0,0.0,7.0,0.11864406779661017,4.493688186614821,7.0,0.0,1.0,0.0,9.0,1.0,31.0,3.0,10.0,2.0,0.0,0.0,1.0,1.0,1.0,1.0,0.0,https://connection-orangebank-certicode.derlma.com/5842793/,0
352.0,6.0,1.0,4.0,0.0,0.0,0.0,83.0,0.23579545454545456,5.205034020703963,14.0,0.0,1.0,311.0,328.0,1.0,3.0,3.0,12.0,2.0,0.0,0.0,1.0,1.0,1.0,1.0,1.0,https://www.tdizital.com/irs.gov/irs.php?whereismyrefund.5i8stin8mqz2hrleqyk8s1l8pm5e4bf1753tfzwwd7lkdjs79m7krwzc075hpuadzpx9okwpy9pvsympl9kzg.session=wei9tfk6aw91h5rseasshjm7zw9thhba67as91qy4uo7meisngrobibajh560rhv924kbqegzffd4u10ypntsb2oh90xuj9-credentials=?q1lgl28fjwu80e1cj8sxw9smn7pfcf5rxnhxk9f5csnbn319fe8fa6pxhb62fc4y01mqdxv63077chmp9fn7589qz64g,0
36.0,2.0,0.0,2.0,0.0,0.0,0.0,0.0,0.0,4.30827083453526,4.0,0.0,1.0,0.0,0.0,1.0,3.0,3.0,24.0,0.0,0.0,0.0,1.0,1.0,1.0,1.0,0.0,https://www.revolutionarygardens.com,1
77.0,2.0,6.0,4.0,0.0,0.0,0.0,16.0,0.2077922077922078,4.606416781838222,12.0,0.0,1.0,2.0,41.0,1.0,11.0,3.0,16.0,2.0,0.0,1.0,0.0,1.0,1.0,1.0,0.0,https://app-nunbank.troca-pontos.top/2897deec-51a7-4d2c-ba04-38b2ac2d9fbd/?c=,0
36.0,2.0,0.0,2.0,0.0,0.0,0.0,0.0,0.0,4.155221528859512,4.0,0.0,1.0,0.0,0.0,1.0,3.0,3.0,24.0,0.0,0.0,0.0,1.0,1.0,1.0,1.0,0.0,https://www.southernillinoisbank.com,1
33.0,2.0,0.0,2.0,0.0,0.0,0.0,0.0,0.0,3.824252831282987,4.0,0.0,1.0,0.0,0.0,1.0,3.0,2.0,21.0,0.0,0.0,0.0,0.0,1.0,1.0,1.0,0.0,https://www.intesasanpaolobank.si,1
33.0,2.0,0.0,2.0,0.0,0.0,0.0,0.0,0.0,3.98319563424773,4.0,0.0,0.0,0.0,0.0,1.0,3.0,3.0,22.0,0.0,0.0,0.0,1.0,1.0,1.0,1.0,0.0,http://www.commbankonlinehelp.com,0
62.0,2.0,1.0,3.0,0.0,0.0,0.0,0.0,0.0,4.08702504598594,5.0,0.0,1.0,0.0,1.0,1.0,37.0,2.0,15.0,1.0,0.0,0.0,0.0,1.0,1.0,1.0,0.0,https://dev-banreservastuseguridadnetbankiing.pantheonsite.io/,0
39.0,2.0,3.0,3.0,0.0,0.0,0.0,3.0,0.07692307692307693,4.150410872541982,7.0,0.0,1.0,0.0,1.0,1.0,22.0,3.0,7.0,1.0,0.0,0.0,0.0,1.0,2.0,1.0,0.0,https://ebanking-ch3-ubs-a3ab0.web.app/,0
24.0,2.0,0.0,2.0,0.0,0.0,0.0,0.0,0.0,4.053508854797678,4.0,0.0,0.0,0.0,0.0,1.0,3.0,3.0,13.0,0.0,0.0,0.0,1.0,1.0,1.0,1.0,0.0,http://www.glendbank.com,0
24.0,2.0,0.0,2.0,0.0,0.0,0.0,0.0,0.0,3.823934896284056,4.0,0.0,1.0,0.0,0.0,1.0,3.0,2.0,12.0,0.0,0.0,0.0,0.0,1.0,1.0,1.0,0.0,https://www.metroflog.co,1
20.0,2.0,0.0,2.0,0.0,0.0,0.0,0.0,0.0,3.1037016960573487,4.0,0.0,1.0,0.0,0.0,1.0,3.0,2.0,8.0,0.0,0.0,0.0,0.0,1.0,1.0,1.0,0.0,https://www.tsbtv.tv,1
22.0,2.0,0.0,2.0,0.0,0.0,0.0,1.0,0.045454545454545456,3.788754913993503,4.0,0.0,0.0,0.0,0.0,1.0,3.0,2.0,11.0,0.0,0.0,1.0,0.0,1.0,1.0,1.0,0.0,http://www.1mbankru.ru,0
26.0,2.0,0.0,2.0,0.0,0.0,0.0,0.0,0.0,3.690260390968384,4.0,0.0,1.0,0.0,0.0,1.0,3.0,3.0,14.0,0.0,0.0,0.0,0.0,1.0,1.0,1.0,0.0,https://www.centrebank.net,1
63.0,2.0,0.0,3.0,0.0,0.0,0.0,6.0,0.09523809523809523,4.628173281282599,7.0,0.0,0.0,28.0,30.0,1.0,9.0,2.0,16.0,1.0,0.0,1.0,0.0,1.0,1.0,1.0,0.0,http://olnlxggxi.granorbotrola.ml/?tranzakt59146&selectedbank=2,0
120.0,3.0,0.0,5.0,0.0,0.0,0.0,21.0,0.175,5.002561379816673,9.0,0.0,1.0,0.0,97.0,1.0,7.0,2.0,7.0,3.0,0.0,0.0,0.0,1.0,1.0,1.0,0.0,https://gateway.ipfs.io/ipfs/bafybeiamjih5g3pgqur5gtbzil7kjep3vtszsunt75kz7l24q36h53rwai/resultsbox18_onedrive44649.html,0
59.0,2.0,2.0,4.0,0.0,0.0,0.0,7.0,0.11864406779661017,4.493688186614821,7.0,0.0,1.0,0.0,9.0,1.0,31.0,3.0,10.0,2.0,0.0,0.0,1.0,1.0,1.0,1.0,0.0,https://connection-orangebank-certicode.derlma.com/7452398/,0
50.0,5.0,0.0,4.0,0.0,0.0,0.0,0.0,0.0,4.159079570624175,8.0,0.0,1.0,0.0,9.0,4.0,22.0,3.0,10.0,2.0,0.0,1.0,0.0,1.0,2.0,1.0,1.0,https://private.dkb.de.banking.bungtv.xyz/banking/,0
36.0,2.0,0.0,2.0,0.0,0.0,0.0,0.0,0.0,4.194385682587764,4.0,0.0,1.0,0.0,0.0,1.0,3.0,3.0,24.0,0.0,0.0,0.0,1.0,1.0,1.0,1.0,0.0,https://www.royalbusinessbankusa.com,1
35.0,2.0,0.0,2.0,0.0,0.0,0.0,0.0,0.0,4.150292659616669,4.0,0.0,1.0,0.0,0.0,1.0,3.0,3.0,23.0,0.0,0.0,0.0,1.0,1.0,1.0,1.0,0.0,https://www.clevelandmetroparks.com,1
65.0,2.0,0.0,3.0,0.0,0.0,0.0,6.0,0.09230769230769231,4.808616228573361,8.0,0.0,1.0,32.0,34.0,1.0,8.0,2.0,14.0,1.0,0.0,1.0,0.0,1.0,1.0,1.0,0.0,https://zoluolix.oudintresge.cf/?tranzakt39906&amp;selectedbank=7,0
24.0,2.0,0.0,2.0,0.0,0.0,0.0,0.0,0.0,3.8035088547976783,4.0,0.0,1.0,0.0,0.0,1.0,3.0,3.0,12.0,0.0,0.0,0.0,1.0,1.0,1.0,1.0,0.0,https://www.orbspace.com,1
78.0,7.0,2.0,6.0,0.0,0.0,0.0,3.0,0.038461538461538464,4.280022213414664,15.0,0.0,0.0,0.0,78.0,0.0,0.0,3.0,19.0,6.0,0.0,0.0,1.0,1.0,1.0,1.0,0.0,sepakbolaonline.com/wp-content/themes/redcarpet-3.0.6/sec/ibank.ib.nab.com.au/,0
31.0,2.0,0.0,2.0,0.0,0.0,0.0,0.0,0.0,4.220167681284828,4.0,0.0,1.0,0.0,0.0,1.0,3.0,3.0,19.0,0.0,0.0,0.0,1.0,1.0,1.0,1.0,0.0,https://www.firstunitedbank.com,1
31.0,2.0,0.0,2.0,0.0,0.0,0.0,0.0,0.0,3.91017927888364,4.0,0.0,1.0,0.0,0.0,1.0,3.0,2.0,19.0,0.0,0.0,0.0,0.0,1.0,1.0,1.0,0.0,https://www.themetropolitain.ca,1
58.0,5.0,0.0,3.0,0.0,0.0,0.0,0.0,0.0,4.11887717718588,7.0,0.0,1.0,0.0,1.0,3.0,24.0,6.0,24.0,1.0,0.0,0.0,0.0,1.0,1.0,1.0,0.0,https://secure.bankofamerica.com.focodistribuidora.com.br/,0
42.0,5.0,0.0,2.0,0.0,0.0,0.0,0.0,0.0,4.21412829288914,7.0,0.0,1.0,0.0,0.0,3.0,22.0,5.0,11.0,0.0,0.0,0.0,0.0,1.0,1.0,1.0,0.0,https://www.seikatubunka.metro.tokyo.lg.jp,1
51.0,2.0,2.0,5.0,0.0,0.0,0.0,0.0,0.0,4.140288763786836,9.0,0.0,1.0,0.0,34.0,0.0,0.0,4.0,9.0,3.0,0.0,1.0,0.0,1.0,2.0,1.0,1.0,https://kspb.info/de/home/login-online-banking.html,0
30.0,3.0,0.0,2.0,0.0,0.0,0.0,0.0,0.0,4.031401845392172,5.0,0.0,1.0,0.0,0.0,1.0,3.0,6.0,18.0,0.0,0.0,0.0,0.0,1.0,1.0,1.0,0.0,https://www.centralbank.org.ls,1
41.0,2.0,0.0,3.0,0.0,0.0,0.0,0.0,0.0,4.013176017331163,4.0,0.0,1.0,0.0,1.0,1.0,16.0,3.0,15.0,1.0,0.0,0.0,1.0,1.0,1.0,1.0,0.0,https://treatsbytesayold.firebaseapp.com/,0
43.0,2.0,2.0,4.0,0.0,0.0,0.0,0.0,0.0,4.071873337085179,7.0,0.0,1.0,0.0,8.0,1.0,20.0,2.0,6.0,2.0,0.0,0.0,0.0,1.0,1.0,1.0,0.0,https://site-cliente-resgate.biz.ua/nubank/,0
24.0,2.0,0.0,2.0,0.0,0.0,0.0,0.0,0.0,3.7406015629507223,4.0,0.0,1.0,0.0,0.0,1.0,3.0,3.0,12.0,0.0,0.0,0.0,1.0,1.0,1.0,1.0,0.0,https://www.kolmetro.com,1
36.0,2.0,0.0,2.0,0.0,0.0,0.0,0.0,0.0,3.8400832519721115,4.0,0.0,1.0,0.0,0.0,1.0,3.0,3.0,24.0,0.0,0.0,0.0,1.0,1.0,1.0,1.0,0.0,https://www.scotiabankchinpicnic.com,1
25.0,2.0,0.0,2.0,0.0,0.0,0.0,0.0,0.0,3.863465189601647,4.0,0.0,1.0,0.0,0.0,1.0,3.0,2.0,13.0,0.0,0.0,0.0,0.0,1.0,1.0,1.0,0.0,https://www.zepterbank.by,1
59.0,2.0,2.0,4.0,0.0,0.0,0.0,7.0,0.11864406779661017,4.493688186614821,7.0,0.0,1.0,0.0,9.0,1.0,31.0,3.0,10.0,2.0,0.0,0.0,1.0,1.0,1.0,1.0,0.0,https://connection-orangebank-certicode.derlma.com/8729534/,0
25.0,2.0,0.0,2.0,0.0,0.0,0.0,0.0,0.0,3.653660689688186,4.0,0.0,1.0,0.0,0.0,1.0,3.0,3.0,13.0,0.0,0.0,0.0,1.0,1.0,1.0,1.0,0.0,https://www.metronews.com,1
31.0,2.0,0.0,2.0,0.0,0.0,0.0,0.0,0.0,3.913400745661378,4.0,0.0,1.0,0.0,0.0,1.0,3.0,2.0,19.0,0.0,0.0,0.0,0.0,1.0,1.0,1.0,0.0,https://www.metropoliapoznan.pl,1
37.0,2.0,0.0,3.0,0.0,0.0,0.0,1.0,0.02702702702702703,4.087567554701195,4.0,0.0,0.0,0.0,1.0,1.0,19.0,3.0,9.0,1.0,0.0,0.0,1.0,1.0,1.0,1.0,0.0,http://itauconfirmabankin3.atsnx.com/,0
42.0,3.0,0.0,3.0,0.0,0.0,0.0,0.0,0.0,4.035324126119452,5.0,0.0,1.0,0.0,1.0,2.0,19.0,3.0,13.0,1.0,0.0,0.0,1.0,1.0,1.0,1.0,0.0,https://lmterbank.prestamos.benefitpe.com/,0
85.0,4.0,2.0,4.0,0.0,0.0,0.0,24.0,0.2823529411764706,4.760508842979806,10.0,0.0,1.0,0.0,17.0,2.0,53.0,2.0,6.0,2.0,0.0,0.0,0.0,1.0,1.0,1.0,0.0,https://bf15638b8071f7991180232fb71de751.site-cliente-resgate.biz.ua/nubank/index.php,0
77.0,2.0,0.0,3.0,0.0,0.0,0.0,6.0,0.07792207792207792,4.647174404586267,10.0,0.0,1.0,38.0,40.0,1.0,12.0,2.0,16.0,1.0,0.0,1.0,0.0,1.0,1.0,1.0,0.0,https://hbwqvinrited.spilleapassba.tk/?tranzakt51009&selectedbank=2#psw_er_vb,0
35.0,2.0,0.0,2.0,0.0,0.0,0.0,0.0,0.0,4.050013373778756,4.0,0.0,1.0,0.0,0.0,1.0,3.0,3.0,23.0,0.0,0.0,0.0,1.0,1.0,1.0,1.0,0.0,https://www.comicbookrevolution.com,1
59.0,2.0,2.0,4.0,0.0,0.0,0.0,7.0,0.11864406779661017,4.493688186614821,7.0,0.0,1.0,0.0,9.0,1.0,31.0,3.0,10.0,2.0,0.0,0.0,1.0,1.0,1.0,1.0,0.0,https://connection-orangebank-certicode.derlma.com/3427985/,0
33.0,2.0,0.0,2.0,0.0,0.0,0.0,0.0,0.0,4.051821770808045,4.0,0.0,1.0,0.0,0.0,1.0,3.0,3.0,21.0,0.0,0.0,0.0,1.0,1.0,1.0,1.0,0.0,https://www.communitywestbank.com,1
28.0,2.0,0.0,3.0,0.0,0.0,0.0,0.0,0.0,3.9407598325400897,4.0,0.0,1.0,0.0,1.0,0.0,0.0,5.0,19.0,1.0,0.0,0.0,0.0,1.0,1.0,1.0,0.0,https://acikdenizbank.co.in/,0
39.0,5.0,0.0,2.0,0.0,0.0,0.0,0.0,0.0,4.025930027099076,7.0,0.0,1.0,0.0,0.0,3.0,19.0,5.0,11.0,0.0,0.0,0.0,0.0,1.0,1.0,1.0,0.0,https://www.keishicho.metro.tokyo.lg.jp,1
37.0,2.0,1.0,2.0,0.0,0.0,0.0,0.0,0.0,4.0671651897778585,5.0,0.0,0.0,0.0,0.0,1.0,3.0,2.0,26.0,0.0,0.0,1.0,0.0,1.0,1.0,1.0,0.0,http://www.mellatbank-asanpardakht.cf,0
27.0,3.0,0.0,2.0,0.0,0.0,0.0,0.0,0.0,3.856196298219379,5.0,0.0,1.0,0.0,0.0,1.0,3.0,6.0,15.0,0.0,0.0,0.0,0.0,1.0,1.0,1.0,0.0,https://www.commbank.com.au,1
72.0,2.0,0.0,3.0,0.0,0.0,0.0,8.0,0.1111111111111111,4.592634897933448,7.0,0.0,0.0,28.0,30.0,1.0,13.0,2.0,21.0,1.0,0.0,1.0,0.0,1.0,1.0,1.0,0.0,http://pocztaplska65.viefoxtpracaparpae.cf/?tranzakt38496&selectedbank=2,0
42.0,2.0,0.0,2.0,0.0,0.0,0.0,0.0,0.0,4.028407600989611,4.0,0.0,1.0,0.0,0.0,1.0,3.0,3.0,30.0,0.0,0.0,0.0,1.0,1.0,1.0,1.0,0.0,https://www.concursodepianodesantander.com,1
27.0,2.0,0.0,2.0,0.0,0.0,0.0,0.0,0.0,3.81008102052173,4.0,0.0,1.0,0.0,0.0,1.0,3.0,3.0,15.0,0.0,0.0,0.0,0.0,1.0,1.0,1.0,0.0,https://www.pittsboronc.gov,1
28.0,3.0,0.0,2.0,0.0,0.0,0.0,0.0,0.0,3.9852281360342516,5.0,0.0,1.0,0.0,0.0,1.0,3.0,6.0,16.0,0.0,0.0,0.0,0.0,1.0,1.0,1.0,0.0,https://www.metrocali.gov.co,1
23.0,2.0,0.0,2.0,0.0,0.0,0.0,0.0,0.0,3.8492239123906247,4.0,0.0,1.0,0.0,0.0,1.0,3.0,3.0,11.0,0.0,0.0,0.0,0.0,1.0,1.0,1.0,0.0,https://www.zoobank.org,1
65.0,2.0,0.0,3.0,0.0,0.0,0.0,8.0,0.12307692307692308,4.628469983272643,7.0,0.0,1.0,28.0,30.0,1.0,13.0,2.0,13.0,1.0,0.0,1.0,0.0,1.0,1.0,1.0,0.0,https://pocztaplska35.predsesifi.cf/?tranzakt38496&selectedbank=2,0
41.0,1.0,0.0,3.0,0.0,0.0,0.0,0.0,0.0,4.320251394545381,6.0,0.0,1.0,0.0,28.0,0.0,0.0,2.0,5.0,1.0,0.0,0.0,0.0,1.0,2.0,1.0,1.0,https://is.gd/controllo_sicurezza_banking,0
43.0,2.0,1.0,3.0,0.0,0.0,0.0,0.0,0.0,4.193251963803171,5.0,0.0,1.0,0.0,1.0,1.0,18.0,3.0,15.0,1.0,0.0,0.0,1.0,1.0,1.0,1.0,0.0,https://mobile-arvestbanks.firebaseapp.com/,0
26.0,3.0,0.0,2.0,0.0,0.0,0.0,0.0,0.0,3.95006375643621,5.0,0.0,1.0,0.0,0.0,1.0,3.0,6.0,14.0,0.0,0.0,0.0,0.0,1.0,2.0,1.0,0.0,https://www.banking.org.za,1
43.0,2.0,0.0,3.0,0.0,0.0,0.0,0.0,0.0,4.6645231848843425,7.0,0.0,1.0,13.0,20.0,1.0,3.0,3.0,11.0,1.0,0.0,0.0,1.0,1.0,1.0,1.0,0.0,https://www.youtube.com/watch?v=AmHEfTSBXiY,1
32.0,4.0,0.0,2.0,0.0,0.0,0.0,0.0,0.0,3.9917292966721747,6.0,0.0,1.0,0.0,0.0,2.0,13.0,6.0,10.0,0.0,0.0,0.0,0.0,1.0,1.0,1.0,0.0,https://www.banknotes.rba.gov.au,1
32.0,2.0,1.0,2.0,0.0,0.0,0.0,0.0,0.0,4.163909765557392,5.0,0.0,1.0,0.0,0.0,1.0,8.0,3.0,15.0,0.0,0.0,0.0,1.0,1.0,1.0,1.0,0.0,https://ubank-au.firebaseapp.com,0
24.0,2.0,0.0,2.0,0.0,0.0,0.0,0.0,0.0,3.8553885422075336,4.0,0.0,1.0,0.0,0.0,1.0,3.0,2.0,12.0,0.0,0.0,0.0,0.0,1.0,1.0,1.0,0.0,https://www.firstbank.ro,1
28.0,2.0,0.0,3.0,0.0,0.0,0.0,1.0,0.03571428571428571,3.9407598325400897,4.0,0.0,1.0,0.0,1.0,1.0,11.0,2.0,7.0,1.0,0.0,0.0,0.0,1.0,1.0,1.0,0.0,https://alertabank9.repl.co/,0
32.0,2.0,1.0,2.0,0.0,0.0,0.0,0.0,0.0,3.9056390622295662,5.0,0.0,0.0,0.0,0.0,1.0,3.0,3.0,21.0,0.0,0.0,0.0,1.0,1.0,1.0,1.0,0.0,http://www.testbank-textbook.com,0
23.0,2.0,0.0,2.0,0.0,0.0,0.0,0.0,0.0,3.795088586397732,4.0,0.0,1.0,0.0,0.0,1.0,3.0,3.0,11.0,0.0,0.0,0.0,1.0,1.0,1.0,1.0,0.0,https://www.bankcbn.com,1
44.0,3.0,2.0,4.0,0.0,0.0,0.0,0.0,0.0,4.129219686524097,8.0,0.0,1.0,0.0,4.0,2.0,24.0,2.0,7.0,2.0,0.0,0.0,0.0,1.0,2.0,1.0,0.0,https://girokonto-dkb.de-banking.hpls.de/de/,0
49.0,2.0,0.0,3.0,0.0,0.0,0.0,1.0,0.02040816326530612,4.369412905163088,6.0,0.0,0.0,3.0,5.0,1.0,27.0,3.0,9.0,1.0,0.0,0.0,1.0,1.0,1.0,1.0,0.0,http://securebankofamericasecurity.atsnx.com/?i=1,0
29.0,2.0,0.0,2.0,0.0,0.0,0.0,0.0,0.0,4.142295219190901,4.0,0.0,1.0,0.0,0.0,1.0,3.0,3.0,17.0,0.0,0.0,0.0,1.0,1.0,1.0,1.0,0.0,https://www.neighborsbank.com,1
26.0,2.0,0.0,2.0,0.0,0.0,0.0,0.0,0.0,4.056020968057882,4.0,0.0,1.0,0.0,0.0,1.0,3.0,3.0,14.0,0.0,0.0,0.0,1.0,1.0,1.0,1.0,0.0,https://www.bankmycell.com,1
47.0,2.0,2.0,3.0,0.0,0.0,0.0,0.0,0.0,4.240239117404927,6.0,0.0,1.0,0.0,1.0,1.0,22.0,3.0,15.0,1.0,0.0,0.0,1.0,1.0,1.0,1.0,0.0,https://carrefour-bank-clients.firebaseapp.com/,0
27.0,1.0,0.0,3.0,0.0,0.0,0.0,0.0,0.0,4.060262039120377,3.0,0.0,1.0,0.0,1.0,0.0,0.0,3.0,18.0,1.0,0.0,0.0,1.0,1.0,1.0,1.0,0.0,https://bankloginpages.com/,0
186.0,5.0,2.0,3.0,0.0,0.0,0.0,47.0,0.25268817204301075,5.001461042946618,18.0,0.0,1.0,119.0,130.0,2.0,18.0,6.0,29.0,1.0,0.0,0.0,0.0,1.0,1.0,1.0,1.0,https://paypal-support.com.desenvolvedortheosbank.com.br/login.php?cmd=_account-details&amp;session=259251b41082fa71832907d32d30acb5&amp;dispatch=953222e620edc7fd1a2c31f946d9e15cb64c9fdd,0
23.0,2.0,0.0,2.0,0.0,0.0,0.0,0.0,0.0,3.8820451081368623,4.0,0.0,0.0,0.0,0.0,1.0,3.0,3.0,12.0,0.0,0.0,0.0,1.0,1.0,1.0,1.0,0.0,http://www.sbepbank.com,0
29.0,3.0,0.0,2.0,0.0,0.0,0.0,0.0,0.0,3.9783335811852636,5.0,0.0,1.0,0.0,0.0,1.0,3.0,5.0,17.0,0.0,1.0,0.0,0.0,1.0,1.0,1.0,0.0,https://www.alrayanbank.co.uk,1
206.0,3.0,7.0,3.0,0.0,0.0,0.0,39.0,0.18932038834951456,5.202780275928531,17.0,0.0,1.0,156.0,168.0,1.0,22.0,3.0,7.0,1.0,0.0,0.0,0.0,1.0,2.0,1.0,1.0,https://ebanking-ch3-ubs-a3ab0.web.app/login.html?session=5cvypqhtfnntmdmx7gocxsjhvrnjxnpmdfcqhbqlo62jdnortfuxufeq8qc6fqke9kbupmh9iehnssqut7x1diovliiwzyxcleu0026amp;auth=4b556835-a39a-40df-8583-b4a7be03d970,0
29.0,2.0,0.0,2.0,0.0,0.0,0.0,0.0,0.0,3.9783335811852636,4.0,0.0,1.0,0.0,0.0,1.0,3.0,3.0,17.0,0.0,0.0,0.0,1.0,1.0,1.0,1.0,0.0,https://www.lhtrevolution.com,1
24.0,2.0,0.0,2.0,0.0,0.0,0.0,0.0,0.0,3.8553885422075336,4.0,0.0,1.0,0.0,0.0,1.0,3.0,3.0,12.0,0.0,0.0,0.0,1.0,1.0,1.0,1.0,0.0,https://www.arabbank.com,1
31.0,1.0,0.0,5.0,0.0,0.0,0.0,0.0,0.0,3.796960730356965,6.0,0.0,0.0,0.0,15.0,0.0,0.0,2.0,9.0,3.0,0.0,0.0,0.0,1.0,2.0,1.0,1.0,http://appdkb.me/de_de/banking/,0
34.0,2.0,1.0,3.0,0.0,0.0,0.0,0.0,0.0,3.9176264438733583,5.0,0.0,0.0,0.0,1.0,1.0,18.0,3.0,7.0,1.0,0.0,0.0,0.0,1.0,1.0,1.0,0.0,http://interbank-personas.web.app/,0
31.0,3.0,0.0,2.0,0.0,0.0,0.0,0.0,0.0,4.042433003725894,5.0,0.0,1.0,0.0,0.0,1.0,3.0,5.0,19.0,0.0,0.0,0.0,0.0,1.0,1.0,1.0,0.0,https://www.musashinobank.co.jp,1
21.0,2.0,0.0,2.0,0.0,0.0,0.0,0.0,0.0,3.6537567082870015,4.0,0.0,1.0,0.0,0.0,1.0,3.0,2.0,9.0,0.0,0.0,0.0,0.0,1.0,1.0,1.0,0.0,https://www.ametro.gr,1
59.0,2.0,2.0,4.0,0.0,0.0,0.0,7.0,0.11864406779661017,4.493688186614821,7.0,0.0,1.0,0.0,9.0,1.0,31.0,3.0,10.0,2.0,0.0,0.0,1.0,1.0,1.0,1.0,0.0,https://connection-orangebank-certicode.derlma.com/8439257/,0
45.0,2.0,4.0,3.0,0.0,0.0,0.0,12.0,0.26666666666666666,4.457868096041213,10.0,0.0,0.0,0.0,10.0,1.0,17.0,2.0,10.0,1.0,0.0,1.0,0.0,1.0,1.0,1.0,0.0,http://dhcp-232-249-59-5.metro86.ru/main_arm5,0
24.0,2.0,0.0,2.0,0.0,0.0,0.0,0.0,0.0,3.8035088547976783,4.0,0.0,1.0,0.0,0.0,1.0,3.0,3.0,12.0,0.0,0.0,0.0,1.0,1.0,1.0,1.0,0.0,https://www.wsfsbank.com,1
37.0,2.0,1.0,3.0,0.0,0.0,0.0,0.0,0.0,4.134468568039292,5.0,0.0,1.0,0.0,1.0,1.0,20.0,3.0,7.0,1.0,0.0,0.0,0.0,1.0,1.0,1.0,0.0,https://zonasegura-lnterbank.web.app/,0
30.0,2.0,0.0,2.0,0.0,0.0,0.0,0.0,0.0,3.948394345536403,4.0,0.0,1.0,0.0,0.0,1.0,3.0,3.0,18.0,0.0,0.0,0.0,1.0,1.0,1.0,1.0,0.0,https://www.westbankstrong.com,1
23.0,2.0,0.0,2.0,0.0,0.0,0.0,0.0,0.0,3.8820451081368623,4.0,0.0,1.0,0.0,0.0,1.0,3.0,3.0,11.0,0.0,0.0,0.0,1.0,1.0,1.0,1.0,0.0,https://www.josbank.com,1
29.0,2.0,0.0,2.0,0.0,0.0,0.0,0.0,0.0,3.857306856898128,4.0,0.0,1.0,0.0,0.0,1.0,3.0,3.0,17.0,0.0,0.0,0.0,0.0,1.0,1.0,1.0,0.0,https://www.massmetrofire.org,1
111.0,2.0,1.0,12.0,0.0,0.0,0.0,20.0,0.18018018018018017,4.8574159841155495,15.0,0.0,0.0,0.0,82.0,1.0,9.0,2.0,12.0,10.0,0.0,0.0,0.0,1.0,1.0,1.0,0.0,http://reisswolf.equinoxes.fr/old/wp-content/plugins/d012f1b392954e0eafdbbe05246f8856/y/mm/mmd/wells/fargo/bank,0
28.0,2.0,0.0,2.0,0.0,0.0,0.0,0.0,0.0,3.994680368408909,4.0,0.0,0.0,0.0,0.0,1.0,3.0,3.0,17.0,0.0,0.0,0.0,1.0,1.0,1.0,1.0,0.0,http://www.starlingtechs.com,0
33.0,2.0,0.0,2.0,0.0,0.0,0.0,0.0,0.0,4.104407755459851,4.0,0.0,1.0,0.0,0.0,1.0,3.0,3.0,21.0,0.0,0.0,0.0,1.0,1.0,1.0,1.0,0.0,https://www.annsfinegiftsblog.com,1
36.0,2.0,0.0,2.0,0.0,0.0,0.0,0.0,0.0,3.842857292808497,4.0,0.0,1.0,0.0,0.0,1.0,3.0,3.0,24.0,0.0,0.0,0.0,1.0,1.0,1.0,1.0,0.0,https://www.charlestonmetrohomes.com,1
57.0,3.0,2.0,4.0,0.0,0.0,0.0,0.0,0.0,4.277991935514027,9.0,0.0,1.0,0.0,18.0,1.0,11.0,3.0,19.0,2.0,0.0,0.0,1.0,1.0,1.0,1.0,0.0,https://art-trad-di.builderallwppro.com/postbank.de/meine,0
24.0,2.0,0.0,2.0,0.0,0.0,0.0,0.0,0.0,3.7720552088742005,4.0,0.0,1.0,0.0,0.0,1.0,3.0,3.0,12.0,0.0,0.0,0.0,0.0,1.0,1.0,1.0,0.0,https://www.capmetro.org,1
51.0,3.0,1.0,3.0,0.0,0.0,0.0,0.0,0.0,4.032253959780426,6.0,0.0,1.0,0.0,1.0,2.0,34.0,2.0,7.0,1.0,0.0,0.0,0.0,1.0,2.0,1.0,0.0,https://personas-asistencia.onlinebankingl.repl.co/,0
22.0,2.0,0.0,2.0,0.0,0.0,0.0,0.0,0.0,3.7544418457133455,4.0,0.0,1.0,0.0,0.0,1.0,3.0,2.0,10.0,0.0,0.0,0.0,0.0,1.0,1.0,1.0,0.0,https://www.metrock.jp,1
39.0,3.0,0.0,2.0,0.0,0.0,0.0,0.0,0.0,4.2117021424282175,5.0,0.0,1.0,0.0,0.0,1.0,3.0,5.0,27.0,0.0,1.0,0.0,0.0,1.0,1.0,1.0,0.0,https://www.lloydsfamilyjewellery.co.uk,1
186.0,5.0,2.0,3.0,0.0,0.0,0.0,49.0,0.26344086021505375,5.027088953307947,18.0,0.0,1.0,119.0,130.0,2.0,18.0,6.0,29.0,1.0,0.0,0.0,0.0,1.0,1.0,1.0,1.0,https://paypal-support.com.desenvolvedortheosbank.com.br/login.php?cmd=_account-details&amp;dispatch=7771ea8451986d6cb0b482999b345f0d78d01631&amp;session=5d96ec981f3b62836bbb7c5d1b2aa727,0
29.0,2.0,0.0,2.0,0.0,0.0,0.0,0.0,0.0,3.9783335811852636,4.0,0.0,1.0,0.0,0.0,1.0,3.0,3.0,17.0,0.0,0.0,0.0,1.0,1.0,2.0,1.0,0.0,https://www.merchantsbank.com,1
29.0,2.0,0.0,2.0,0.0,0.0,0.0,0.0,0.0,3.7623107361338706,4.0,0.0,1.0,0.0,0.0,1.0,3.0,3.0,17.0,0.0,0.0,0.0,1.0,1.0,1.0,1.0,0.0,https://www.rocksportsbar.com,1
30.0,2.0,0.0,2.0,0.0,0.0,0.0,0.0,0.0,3.9898980954642878,4.0,0.0,1.0,0.0,0.0,1.0,3.0,3.0,18.0,0.0,0.0,0.0,1.0,1.0,1.0,1.0,0.0,https://www.hatsbycressida.com,1
39.0,2.0,1.0,4.0,0.0,0.0,0.0,0.0,0.0,4.182336834024969,5.0,0.0,1.0,0.0,3.0,1.0,20.0,3.0,7.0,2.0,0.0,0.0,0.0,1.0,1.0,1.0,0.0,https://zonasegura-lnterbank.web.app/#/,0
26.0,2.0,0.0,2.0,0.0,0.0,0.0,0.0,0.0,3.7671834678914613,4.0,0.0,1.0,0.0,0.0,1.0,3.0,3.0,14.0,0.0,0.0,0.0,1.0,1.0,1.0,1.0,0.0,https://www.dcmetroapp.com,1
67.0,3.0,0.0,4.0,0.0,0.0,0.0,1.0,0.014925373134328358,4.25192687670203,6.0,0.0,1.0,0.0,5.0,2.0,46.0,2.0,7.0,2.0,0.0,0.0,0.0,1.0,1.0,1.0,0.0,https://httpswww1scotiabankcomuyscotiaenlinea.htmloutl.repl.co/mob/,0
36.0,2.0,0.0,2.0,0.0,0.0,0.0,0.0,0.0,4.009523959475164,4.0,0.0,1.0,0.0,0.0,1.0,3.0,3.0,24.0,0.0,0.0,0.0,1.0,1.0,1.0,1.0,0.0,https://www.tonightsbedtimestory.com,1
26.0,2.0,0.0,2.0,0.0,0.0,0.0,0.0,0.0,4.026986833359287,4.0,0.0,1.0,0.0,0.0,1.0,3.0,3.0,14.0,0.0,0.0,0.0,1.0,1.0,1.0,1.0,0.0,https://www.outerbanks.com,1
191.0,7.0,1.0,11.0,0.0,1.0,0.0,1.0,0.005235602094240838,4.386160505682028,25.0,0.0,1.0,153.0,171.0,0.0,0.0,5.0,12.0,9.0,1.0,0.0,0.0,1.0,1.0,1.0,1.0,https://vynola.co.uk/online/login.php?page=/user-management/confirmation&setlng=en&returnurl=https://www1.scotiaonline.scotiabank.com/online/authentication/authentication.bns?language=english,0
26.0,2.0,1.0,2.0,0.0,0.0,0.0,0.0,0.0,3.7671834678914613,5.0,0.0,1.0,0.0,0.0,1.0,3.0,3.0,14.0,0.0,0.0,0.0,0.0,1.0,1.0,1.0,0.0,https://www.iain-banks.net,1
45.0,3.0,0.0,3.0,0.0,0.0,0.0,9.0,0.2,4.396648373770914,5.0,0.0,1.0,0.0,1.0,2.0,28.0,2.0,7.0,1.0,0.0,0.0,0.0,1.0,2.0,1.0,0.0,https://bankingpromerica2.sa32434245.repl.co/,0
36.0,2.0,0.0,2.0,0.0,0.0,0.0,0.0,0.0,4.270910335425637,4.0,0.0,1.0,0.0,0.0,1.0,3.0,3.0,24.0,0.0,0.0,0.0,1.0,1.0,1.0,1.0,0.0,https://www.thankgodforevolution.com,1
51.0,2.0,2.0,5.0,0.0,0.0,0.0,0.0,0.0,4.12548704805814,8.0,0.0,0.0,0.0,16.0,1.0,18.0,4.0,9.0,3.0,0.0,0.0,0.0,1.0,2.0,1.0,1.0,http://account-checks-dkb.ddns.mobi/banking/access/,0
41.0,3.0,0.0,3.0,0.0,0.0,0.0,0.0,0.0,4.025132724542701,5.0,0.0,1.0,0.0,1.0,2.0,19.0,3.0,12.0,1.0,0.0,0.0,1.0,1.0,1.0,1.0,0.0,https://beneficio.lnterbank.lbenefit.com/,0
29.0,2.0,0.0,2.0,0.0,0.0,0.0,0.0,0.0,3.9093680639438846,4.0,0.0,1.0,0.0,0.0,1.0,3.0,3.0,17.0,0.0,0.0,0.0,1.0,1.0,1.0,1.0,0.0,https://www.accessbankplc.com,1
21.0,2.0,0.0,2.0,0.0,0.0,0.0,0.0,0.0,3.6897037321995474,4.0,0.0,0.0,0.0,0.0,1.0,3.0,2.0,10.0,0.0,0.0,1.0,0.0,1.0,1.0,1.0,0.0,http://www.erabank.ru,0
29.0,2.0,0.0,2.0,0.0,0.0,0.0,0.0,0.0,3.7714370294611257,4.0,0.0,1.0,0.0,0.0,1.0,3.0,3.0,17.0,0.0,0.0,0.0,0.0,1.0,1.0,1.0,0.0,https://www.pittsburghzoo.org,1
29.0,2.0,0.0,2.0,0.0,0.0,0.0,0.0,0.0,4.0472990984266435,4.0,0.0,1.0,0.0,0.0,1.0,3.0,3.0,17.0,0.0,0.0,0.0,1.0,1.0,2.0,1.0,0.0,https://www.metrobankcard.com,1
185.0,5.0,2.0,3.0,0.0,0.0,0.0,50.0,0.2702702702702703,5.013002997906209,18.0,0.0,0.0,119.0,130.0,2.0,18.0,6.0,29.0,1.0,0.0,0.0,0.0,1.0,1.0,1.0,1.0,http://paypal-support.com.desenvolvedortheosbank.com.br/login.php?cmd=_account-details&amp;session=65253d993b6830423b3ad2829e96ac33&amp;dispatch=41bcb6130b4379a4b0e6877236a0d761fc53dbf4,0
34.0,2.0,0.0,2.0,0.0,0.0,0.0,0.0,0.0,4.0796786498829745,4.0,0.0,1.0,0.0,0.0,1.0,3.0,3.0,22.0,0.0,0.0,0.0,1.0,1.0,1.0,1.0,0.0,https://www.plattsburghhousing.com,1
40.0,1.0,0.0,5.0,0.0,0.0,0.0,0.0,0.0,3.8061983328100952,6.0,0.0,0.0,0.0,23.0,0.0,0.0,2.0,10.0,3.0,0.0,0.0,0.0,1.0,1.0,1.0,0.0,http://mbfbank.to/temp/business/business,0
24.0,2.0,0.0,2.0,0.0,0.0,0.0,0.0,0.0,3.8868421881310113,4.0,0.0,1.0,0.0,0.0,1.0,3.0,3.0,12.0,0.0,0.0,0.0,1.0,1.0,1.0,1.0,0.0,https://www.bracbank.com,1
21.0,2.0,0.0,2.0,0.0,0.0,0.0,0.0,0.0,3.7849418274376427,4.0,0.0,0.0,0.0,0.0,1.0,3.0,2.0,10.0,0.0,0.0,1.0,0.0,1.0,1.0,1.0,0.0,http://www.maybank.ru,0
59.0,2.0,2.0,4.0,0.0,0.0,0.0,7.0,0.11864406779661017,4.493688186614821,7.0,0.0,1.0,0.0,9.0,1.0,31.0,3.0,10.0,2.0,0.0,0.0,1.0,1.0,1.0,1.0,0.0,https://connection-orangebank-certicode.derlma.com/2398745/,0
66.0,2.0,1.0,7.0,0.0,0.0,0.0,0.0,0.0,4.367951650963087,9.0,0.0,1.0,0.0,29.0,1.0,9.0,3.0,19.0,5.0,0.0,0.0,1.0,1.0,1.0,1.0,0.0,https://vukisjsdu.builderallwppro.com/wp-admin/user/bankid/bankid/,0
167.0,2.0,1.0,7.0,0.0,0.0,0.0,20.0,0.11976047904191617,4.924479764064196,16.0,0.0,1.0,35.0,144.0,1.0,4.0,3.0,10.0,5.0,0.0,0.0,1.0,1.0,1.0,1.0,0.0,https://docs.google.com/presentation/d/e/2pacx-1vqetto09wmbsgqs2sxkemsntun22c6rntjo8gnh8qlxnuf7lqnbovl70dsrbslagvpsbtgfegg4ta94/pub?start=false&loop=false&delayms=3000,0
31.0,3.0,0.0,3.0,0.0,0.0,0.0,0.0,0.0,4.042433003725894,5.0,0.0,1.0,0.0,1.0,2.0,14.0,2.0,7.0,1.0,0.0,0.0,0.0,1.0,1.0,1.0,0.0,https://banki.americal.repl.co/,0
85.0,3.0,1.0,3.0,0.0,0.0,0.0,11.0,0.12941176470588237,4.7398214890996435,6.0,0.0,1.0,0.0,1.0,2.0,64.0,3.0,11.0,1.0,0.0,0.0,1.0,1.0,1.0,1.0,0.0,https://bafybeidroiocmf3koa676ks6qajgd4yramj25g35pcchqhmbf7ctsbezky.ipfs.cf-ipfs.com/,0
36.0,2.0,2.0,2.0,0.0,0.0,0.0,0.0,0.0,4.273684376262023,6.0,0.0,0.0,0.0,0.0,1.0,3.0,3.0,25.0,0.0,0.0,0.0,1.0,1.0,2.0,1.0,0.0,http://www.private-banking-group.com,0
72.0,3.0,3.0,6.0,0.0,0.0,0.0,7.0,0.09722222222222222,4.470233384151408,12.0,0.0,1.0,0.0,28.0,1.0,18.0,3.0,17.0,4.0,0.0,0.0,0.0,1.0,1.0,1.0,0.0,https://wordpress-111796-0.cloudclusters.net/nor/bank-id/betale/kort.php,0
65.0,2.0,0.0,3.0,0.0,0.0,0.0,6.0,0.09230769230769231,4.775913197510703,7.0,0.0,1.0,28.0,30.0,1.0,11.0,2.0,15.0,1.0,0.0,1.0,0.0,1.0,1.0,1.0,0.0,https://vjrndettxij.vostwohncrim.ml/?tranzakt59146&selectedbank=2,0
59.0,2.0,2.0,4.0,0.0,0.0,0.0,7.0,0.11864406779661017,4.493688186614821,7.0,0.0,1.0,0.0,9.0,1.0,31.0,3.0,10.0,2.0,0.0,0.0,1.0,1.0,1.0,1.0,0.0,https://connection-orangebank-certicode.derlma.com/2783945/,0
42.0,2.0,0.0,3.0,0.0,0.0,0.0,5.0,0.11904761904761904,4.157214970851921,4.0,0.0,1.0,0.0,1.0,1.0,3.0,2.0,29.0,1.0,0.0,0.0,0.0,1.0,1.0,1.0,0.0,https://www.003wwcitizensbank00secured.us/,0
315.0,7.0,1.0,10.0,0.0,1.0,0.0,49.0,0.15555555555555556,5.189255535734064,38.0,0.0,0.0,274.0,296.0,0.0,0.0,0.0,0.0,8.0,0.0,0.0,0.0,1.0,1.0,1.0,1.0,http://43.130.2.171/v3/signin/identifier?dsh=s201356178:1679462490030675&amp;continue=https://accounts.google.com/&amp;followup=https://accounts.google.com&amp;ifkv=aqmjq7tj1wfldahc7fwceea-ncnitaqrxckbwgy_yzmxgaoinzlbiplrbs9_rgjy6fidgs4ldie1&amp;passive=1209600&amp;flowname=glifwebsignin&amp;flowentry=servicelogin,0
59.0,2.0,2.0,4.0,0.0,0.0,0.0,7.0,0.11864406779661017,4.493688186614821,7.0,0.0,1.0,0.0,9.0,1.0,31.0,3.0,10.0,2.0,0.0,0.0,1.0,1.0,1.0,1.0,0.0,https://connection-orangebank-certicode.derlma.com/2598374/,0
28.0,2.0,0.0,2.0,0.0,0.0,0.0,0.0,0.0,3.9407598325400897,4.0,0.0,1.0,0.0,0.0,1.0,3.0,3.0,16.0,0.0,0.0,0.0,1.0,1.0,1.0,1.0,0.0,https://www.metrolinemap.com,1
29.0,4.0,0.0,2.0,0.0,0.0,0.0,0.0,0.0,3.6764409086968683,6.0,0.0,1.0,0.0,0.0,3.0,12.0,3.0,8.0,0.0,0.0,0.0,1.0,1.0,1.0,1.0,0.0,https://www.about.us.hsbc.com,1
202.0,3.0,7.0,3.0,0.0,0.0,0.0,28.0,0.13861386138613863,5.07113241582723,18.0,0.0,1.0,152.0,164.0,1.0,22.0,3.0,7.0,1.0,0.0,0.0,0.0,1.0,2.0,1.0,1.0,https://ebanking-ch3-ubs-a3ab0.web.app/login.html?session=tvbt6hpgk3qblx8qot9copb3jdrgzhqb8tivizxcisk3bfsfqaksqi0evbchgpvhupcukgcaypqdu9xhxrfhszpig9taqw8nmg&amp;auth=5f3c9fa1-fc45-41be-bf2e-ef0ce3e0e9e3,0
35.0,2.0,0.0,2.0,0.0,0.0,0.0,0.0,0.0,4.036006945330954,4.0,0.0,1.0,0.0,0.0,1.0,3.0,2.0,23.0,0.0,0.0,0.0,0.0,1.0,1.0,1.0,0.0,https://www.revolutionpermanente.fr,1
32.0,2.0,0.0,2.0,0.0,0.0,0.0,0.0,0.0,4.077819531114783,4.0,0.0,1.0,0.0,0.0,1.0,3.0,3.0,20.0,0.0,0.0,0.0,1.0,1.0,1.0,1.0,0.0,https://www.mysticrevolution.com,1
68.0,3.0,0.0,4.0,0.0,0.0,0.0,0.0,0.0,4.397232003462876,9.0,0.0,1.0,9.0,26.0,1.0,13.0,3.0,20.0,2.0,0.0,0.0,1.0,1.0,1.0,1.0,1.0,https://customerpanel.leftbankweymouth.com/files/login.php?user=true,0
28.0,3.0,0.0,2.0,0.0,0.0,0.0,0.0,0.0,3.753434386188785,5.0,0.0,1.0,0.0,0.0,1.0,3.0,6.0,16.0,0.0,0.0,0.0,0.0,1.0,1.0,1.0,0.0,https://www.metroarts.com.au,1
73.0,7.0,2.0,3.0,0.0,0.0,0.0,0.0,0.0,4.511121306222698,12.0,0.0,1.0,0.0,14.0,5.0,37.0,3.0,13.0,1.0,0.0,1.0,0.0,1.0,1.0,1.0,0.0,https://regler.amendes.gouv.fr-service.public.code-bank.xyz/infospage.php,0
75.0,3.0,1.0,3.0,0.0,0.0,0.0,11.0,0.14666666666666667,4.66016881727262,10.0,0.0,1.0,0.0,34.0,1.0,8.0,3.0,24.0,1.0,0.0,0.0,1.0,1.0,1.0,1.0,0.0,https://boa76786.privateonlineaccesss.com/bank%20of%20america%20-index.html,0
70.0,2.0,3.0,7.0,0.0,0.0,0.0,1.0,0.014285714285714285,4.401999225222329,12.0,0.0,1.0,0.0,41.0,1.0,4.0,3.0,16.0,5.0,0.0,0.0,1.0,1.0,1.0,1.0,1.0,https://dev3.the-glass-co.com/wp-includes/widgets/au/login/commonwbank,0
231.0,2.0,0.0,3.0,0.0,0.0,0.0,37.0,0.16017316017316016,4.444975251594097,29.0,0.0,0.0,206.0,208.0,1.0,3.0,3.0,12.0,1.0,0.0,0.0,1.0,1.0,1.0,1.0,1.0,"http://ww1.banrural.com/?terms=personal%20bank%20account%20online,open%20up%20a%20business%20bank%20account%20online,mortgage%20loan%20application,business%20loan%20application,credit%20card%20offers,loan%20payment%20platform%20api",0
77.0,4.0,7.0,3.0,0.0,0.0,0.0,8.0,0.1038961038961039,4.741566613471212,13.0,0.0,0.0,0.0,59.0,0.0,0.0,0.0,0.0,1.0,0.0,0.0,0.0,1.0,1.0,1.0,0.0,http://169.1.16.29/BidvestBank-Swift--DNS-evasion-encrypted-no-cloudflare.exe,0
31.0,2.0,0.0,2.0,0.0,0.0,0.0,0.0,0.0,4.1313003425053605,4.0,0.0,1.0,0.0,0.0,1.0,3.0,3.0,19.0,0.0,0.0,0.0,1.0,1.0,1.0,1.0,0.0,https://www.thedjrevolution.com,1
32.0,2.0,0.0,2.0,0.0,0.0,0.0,0.0,0.0,4.093139062229566,4.0,0.0,1.0,0.0,0.0,1.0,3.0,3.0,20.0,0.0,0.0,0.0,1.0,1.0,1.0,1.0,0.0,https://www.intelligencebank.com,1
59.0,2.0,2.0,5.0,0.0,0.0,0.0,0.0,0.0,4.135294169195726,9.0,0.0,1.0,0.0,34.0,0.0,0.0,4.0,17.0,3.0,0.0,1.0,0.0,1.0,2.0,1.0,1.0,https://sparkaonline.info/de/home/login-online-banking.html,0
59.0,2.0,2.0,4.0,0.0,0.0,0.0,7.0,0.11864406779661017,4.493688186614821,7.0,0.0,1.0,0.0,9.0,1.0,31.0,3.0,10.0,2.0,0.0,0.0,1.0,1.0,1.0,1.0,0.0,https://connection-orangebank-certicode.derlma.com/3528497/,0
32.0,1.0,1.0,3.0,0.0,0.0,0.0,0.0,0.0,4.007048827786958,4.0,0.0,1.0,0.0,1.0,0.0,0.0,3.0,23.0,1.0,0.0,0.0,1.0,1.0,1.0,1.0,0.0,https://reparieren-postbank.com/,0
136.0,5.0,7.0,4.0,0.0,0.0,0.0,34.0,0.25,4.951244464720446,21.0,0.0,1.0,50.0,75.0,2.0,47.0,2.0,5.0,2.0,0.0,0.0,0.0,1.0,2.0,1.0,1.0,https://desco-online-id-99753.desco-resgate-seus-pontos.co.ua/desco-banking/index.php?live=181030920264272da4c00ed1.93493572&amp;rf=pv02,0
41.0,4.0,1.0,3.0,0.0,0.0,0.0,0.0,0.0,4.143541333622538,7.0,0.0,0.0,0.0,1.0,3.0,16.0,3.0,16.0,1.0,0.0,0.0,1.0,1.0,1.0,1.0,0.0,http://mynetbank.com.au.spruce-goose.com/,0
186.0,5.0,2.0,3.0,0.0,0.0,0.0,46.0,0.24731182795698925,4.996222349226045,18.0,0.0,1.0,119.0,130.0,2.0,18.0,6.0,29.0,1.0,0.0,0.0,0.0,1.0,1.0,1.0,1.0,https://paypal-support.com.desenvolvedortheosbank.com.br/login.php?cmd=_account-details&amp;session=7270abb8fa71e549260866de604da553&amp;dispatch=aeb2519708f6708689ecdd860c451adfcbf2d767,0
27.0,1.0,0.0,3.0,0.0,0.0,0.0,0.0,0.0,3.930270372293453,3.0,0.0,1.0,0.0,1.0,0.0,0.0,4.0,18.0,1.0,0.0,0.0,0.0,1.0,1.0,1.0,0.0,https://hdbankfinance.shop/,0
127.0,5.0,0.0,4.0,0.0,0.0,0.0,0.0,0.0,4.398894113879231,20.0,0.0,0.0,77.0,127.0,1.0,3.0,5.0,10.0,4.0,0.0,0.0,0.0,1.0,1.0,1.0,1.0,mgt.skru.ac.th/slide/bankofamerica.com/signon.php?section=signinpage&amp;update=&amp;cookiecheck=yes&amp;destination=nba/signin,0
24.0,2.0,0.0,2.0,0.0,0.0,0.0,0.0,0.0,3.7720552088742005,4.0,0.0,1.0,0.0,0.0,1.0,3.0,4.0,12.0,0.0,0.0,0.0,0.0,1.0,1.0,1.0,0.0,https://www.civista.bank,1
25.0,2.0,0.0,2.0,0.0,0.0,0.0,0.0,0.0,3.973660689688186,4.0,0.0,1.0,0.0,0.0,1.0,3.0,3.0,13.0,0.0,0.0,0.0,1.0,1.0,1.0,1.0,0.0,https://www.repcobank.com,1
127.0,3.0,1.0,6.0,0.0,1.0,0.0,21.0,0.16535433070866143,4.990048419083426,10.0,0.0,1.0,0.0,98.0,1.0,4.0,2.0,16.0,4.0,0.0,0.0,0.0,1.0,1.0,1.0,0.0,https://ipfs.best-practice.se/ipfs/bafybeiamjih5g3pgqur5gtbzil7kjep3vtszsunt75kz7l24q36h53rwai//resultsbox18_onedrive44649.html,0
25.0,2.0,0.0,2.0,0.0,0.0,0.0,0.0,0.0,3.863465189601647,4.0,0.0,1.0,0.0,0.0,1.0,3.0,3.0,13.0,0.0,0.0,0.0,1.0,1.0,1.0,1.0,0.0,https://www.optumbank.com,1
56.0,3.0,0.0,3.0,0.0,0.0,0.0,10.0,0.17857142857142858,4.471748002067047,5.0,0.0,1.0,0.0,1.0,2.0,39.0,2.0,7.0,1.0,0.0,0.0,0.0,1.0,2.0,1.0,0.0,https://desbloquearhomebankingeminet.4234234324.repl.co/,0
114.0,3.0,2.0,3.0,0.0,0.0,0.0,5.0,0.043859649122807015,4.52750887994667,23.0,0.0,1.0,0.0,91.0,1.0,7.0,3.0,7.0,1.0,0.0,0.0,0.0,1.0,1.0,1.0,1.0,https://dnbnor3.web.app/identity-login&dt=dnb-bankfraatil&en=page_view&_fv=1&_nsi=1&_ss=1&_ee=1&ep.origin=firebase,0
36.0,3.0,0.0,2.0,0.0,0.0,0.0,0.0,0.0,4.197159723424149,5.0,0.0,1.0,0.0,0.0,1.0,3.0,5.0,24.0,0.0,1.0,0.0,0.0,1.0,1.0,1.0,0.0,https://www.premiercarshalifax.co.uk,1
45.0,2.0,2.0,2.0,0.0,0.0,0.0,0.0,0.0,4.072424141197959,5.0,0.0,0.0,0.0,0.0,1.0,30.0,2.0,7.0,0.0,0.0,0.0,0.0,1.0,1.0,1.0,0.0,http://weeseguraperu--interbanksegure.repl.co,0
27.0,2.0,0.0,2.0,0.0,0.0,0.0,0.0,0.0,3.986187965046303,4.0,0.0,0.0,0.0,0.0,1.0,3.0,3.0,16.0,0.0,0.0,0.0,1.0,1.0,1.0,1.0,0.0,http://www.trustbankinc.com,0
49.0,3.0,0.0,3.0,0.0,0.0,0.0,1.0,0.02040816326530612,4.239524579110022,5.0,0.0,1.0,0.0,1.0,2.0,32.0,2.0,7.0,1.0,0.0,0.0,0.0,1.0,1.0,1.0,0.0,https://macr0hombankoffice.howmbancaofis.repl.co/,0
36.0,2.0,1.0,2.0,0.0,0.0,0.0,0.0,0.0,4.249941238143319,5.0,0.0,1.0,0.0,0.0,1.0,3.0,3.0,24.0,0.0,0.0,0.0,1.0,1.0,1.0,1.0,0.0,https://mem.requlred-mbankmltsui.com,0
39.0,3.0,2.0,2.0,0.0,0.0,0.0,0.0,0.0,4.070425860265988,7.0,0.0,1.0,0.0,0.0,1.0,3.0,5.0,27.0,0.0,1.0,0.0,0.0,1.0,1.0,1.0,0.0,https://www.british-business-bank.co.uk,1
134.0,2.0,2.0,7.0,0.0,0.0,0.0,9.0,0.06716417910447761,4.939970673864849,20.0,0.0,1.0,21.0,104.0,1.0,7.0,3.0,14.0,5.0,0.0,0.0,1.0,1.0,1.0,1.0,0.0,https://blci-my.sharepoint.com/:o:/g/personal/lsantacruz_blci_org/emmgbd-rbq1loebewto7twybgop5xs3y_vpwy5vpt5sxjw?e=5%3alitsbg&amp;at=9,0
28.0,2.0,0.0,2.0,0.0,0.0,0.0,0.0,0.0,3.753434386188785,4.0,0.0,1.0,0.0,0.0,1.0,3.0,4.0,16.0,0.0,0.0,0.0,0.0,1.0,1.0,1.0,0.0,https://www.ohnwardbank.bank,1
35.0,2.0,0.0,2.0,0.0,0.0,0.0,0.0,0.0,4.093149802473811,4.0,0.0,1.0,0.0,0.0,1.0,3.0,3.0,23.0,0.0,0.0,0.0,1.0,1.0,1.0,1.0,0.0,https://www.coldwellbankerhomes.com,1
33.0,2.0,0.0,2.0,0.0,0.0,0.0,0.0,0.0,4.020926316000352,4.0,0.0,1.0,0.0,0.0,1.0,3.0,3.0,21.0,0.0,0.0,0.0,1.0,1.0,1.0,1.0,0.0,https://www.homelifemetropark.com,1
33.0,3.0,1.0,2.0,0.0,0.0,0.0,0.0,0.0,3.9801694078807643,6.0,0.0,1.0,0.0,0.0,1.0,3.0,5.0,21.0,0.0,0.0,0.0,0.0,1.0,1.0,1.0,0.0,https://www.talent-databank.co.jp,1
94.0,2.0,0.0,8.0,0.0,0.0,0.0,1.0,0.010638297872340425,4.26952425352279,12.0,0.0,0.0,0.0,94.0,1.0,11.0,2.0,7.0,8.0,0.0,1.0,0.0,1.0,3.0,1.0,1.0,santandenet.hut4.ru/SMS_Santander/Clientes/Cadastro/Servico_SMS/Index/InternetBanking/default/,0
59.0,2.0,2.0,4.0,0.0,0.0,0.0,7.0,0.11864406779661017,4.493688186614821,7.0,0.0,1.0,0.0,9.0,1.0,31.0,3.0,10.0,2.0,0.0,0.0,1.0,1.0,1.0,1.0,0.0,https://connection-orangebank-certicode.derlma.com/4295738/,0
28.0,2.0,0.0,2.0,0.0,0.0,0.0,0.0,0.0,4.012188403968661,4.0,0.0,1.0,0.0,0.0,1.0,3.0,2.0,16.0,0.0,0.0,0.0,0.0,1.0,1.0,1.0,0.0,https://www.procreditbank.rs,1
30.0,2.0,0.0,2.0,0.0,0.0,0.0,0.0,0.0,4.164735178725505,4.0,0.0,1.0,0.0,0.0,1.0,3.0,3.0,18.0,0.0,0.0,0.0,1.0,1.0,1.0,1.0,0.0,https://www.gamerevolution.com,1
27.0,2.0,0.0,2.0,0.0,0.0,0.0,0.0,0.0,3.930270372293453,4.0,0.0,1.0,0.0,0.0,1.0,3.0,4.0,15.0,0.0,0.0,0.0,0.0,1.0,1.0,1.0,0.0,https://www.springbank.scot,1
33.0,2.0,0.0,2.0,0.0,0.0,0.0,0.0,0.0,4.0407754684868245,4.0,0.0,1.0,0.0,0.0,1.0,3.0,3.0,21.0,0.0,0.0,0.0,1.0,1.0,1.0,1.0,0.0,https://www.pittsburghrenfest.com,1
59.0,2.0,2.0,4.0,0.0,0.0,0.0,7.0,0.11864406779661017,4.493688186614821,7.0,0.0,1.0,0.0,9.0,1.0,31.0,3.0,10.0,2.0,0.0,0.0,1.0,1.0,1.0,1.0,0.0,https://connection-orangebank-certicode.derlma.com/5832947/,0
25.0,3.0,0.0,2.0,0.0,0.0,0.0,0.0,0.0,3.7532696895151085,5.0,0.0,1.0,0.0,0.0,1.0,3.0,5.0,13.0,0.0,0.0,0.0,0.0,1.0,1.0,1.0,0.0,https://www.pbzbank.co.tz,1
29.0,2.0,0.0,2.0,0.0,0.0,0.0,0.0,0.0,3.892463753748262,4.0,0.0,1.0,0.0,0.0,1.0,3.0,3.0,17.0,0.0,0.0,0.0,1.0,1.0,1.0,1.0,0.0,https://www.bankofthewest.com,1
43.0,2.0,1.0,3.0,0.0,0.0,0.0,0.0,0.0,4.03383910398286,5.0,0.0,1.0,0.0,1.0,1.0,18.0,2.0,15.0,1.0,0.0,0.0,0.0,1.0,1.0,1.0,0.0,https://dev-binacionalbank.pantheonsite.io/,0
64.0,7.0,3.0,3.0,0.0,0.0,0.0,11.0,0.171875,4.372174852072124,13.0,0.0,0.0,0.0,64.0,1.0,14.0,6.0,15.0,3.0,0.0,0.0,0.0,1.0,1.0,1.0,0.0,200-98-200-114.clouduol.com.br/cliente/www.clientes.hsbc.com.br/,0
25.0,2.0,0.0,2.0,0.0,0.0,0.0,0.0,0.0,3.7034651896016473,4.0,0.0,1.0,0.0,0.0,1.0,3.0,3.0,13.0,0.0,0.0,0.0,1.0,1.0,1.0,1.0,0.0,https://www.gritsbits.com,1
43.0,2.0,0.0,3.0,0.0,0.0,0.0,4.0,0.09302325581395349,4.37082108062642,4.0,0.0,0.0,0.0,1.0,1.0,20.0,3.0,14.0,1.0,0.0,0.0,1.0,1.0,1.0,1.0,0.0,http://attsbcglobalinfo1234.weeblysite.com/,0
29.0,2.0,0.0,2.0,0.0,0.0,0.0,0.0,0.0,4.021268494903765,4.0,0.0,1.0,0.0,0.0,1.0,3.0,3.0,17.0,0.0,0.0,0.0,0.0,1.0,1.0,1.0,0.0,https://www.punemetrorail.org,1
202.0,3.0,7.0,3.0,0.0,0.0,0.0,43.0,0.21287128712871287,5.0994101132402205,18.0,0.0,1.0,152.0,164.0,1.0,22.0,3.0,7.0,1.0,0.0,0.0,0.0,1.0,2.0,1.0,1.0,https://ebanking-ch3-ubs-a3ab0.web.app/login.html?session=6qznrhuqigd2hopqd0b8qkbevthtug02zsf1tnxbnlguhq8duzomrgt1nrt7t2ga9qm9wz5m1stcuqvbnhno8bhu1130bwgtht&amp;auth=a127c973-19ee-4dd4-b292-5a81ee3f350c,0
23.0,2.0,0.0,2.0,0.0,0.0,0.0,0.0,0.0,3.6211755429194707,4.0,0.0,1.0,0.0,0.0,1.0,3.0,3.0,11.0,0.0,0.0,0.0,1.0,1.0,1.0,1.0,0.0,https://www.catsbit.com,1
42.0,2.0,0.0,3.0,0.0,0.0,0.0,2.0,0.047619047619047616,4.338396886909941,4.0,0.0,1.0,0.0,1.0,1.0,17.0,3.0,15.0,1.0,0.0,0.0,1.0,1.0,1.0,1.0,0.0,https://hdfcbankkycpage09.firebaseapp.com/,0
67.0,3.0,0.0,5.0,0.0,0.0,0.0,13.0,0.19402985074626866,4.480196005554324,8.0,0.0,0.0,0.0,34.0,1.0,12.0,3.0,13.0,3.0,0.0,0.0,0.0,1.0,1.0,1.0,0.0,http://vpn287980672.softether.net/~pc119/anz/apib1anzapinetbank.htm,0
32.0,2.0,0.0,2.0,0.0,0.0,0.0,0.0,0.0,4.0,4.0,0.0,1.0,0.0,0.0,1.0,3.0,3.0,20.0,0.0,0.0,0.0,1.0,1.0,2.0,1.0,0.0,https://www.chinabankingnews.com,1
25.0,2.0,1.0,2.0,0.0,0.0,0.0,0.0,0.0,4.103465189601647,5.0,0.0,1.0,0.0,0.0,1.0,3.0,3.0,13.0,0.0,0.0,0.0,0.0,1.0,1.0,1.0,0.0,https://www.left-bank.org,1
185.0,5.0,2.0,3.0,0.0,0.0,0.0,39.0,0.21081081081081082,4.976911144390284,18.0,0.0,0.0,119.0,130.0,2.0,18.0,6.0,29.0,1.0,0.0,0.0,0.0,1.0,1.0,1.0,1.0,http://paypal-support.com.desenvolvedortheosbank.com.br/login.php?cmd=_account-details&amp;session=8630b07dbc6fcbb114393db8c5fa8c15&amp;dispatch=0de806c9f9b7cf23ad4d3f968c4d8cddc54b812e,0
26.0,2.0,0.0,2.0,0.0,0.0,0.0,0.0,0.0,3.6714055834424975,4.0,0.0,1.0,0.0,0.0,1.0,3.0,2.0,14.0,0.0,0.0,0.0,0.0,1.0,1.0,1.0,0.0,https://www.bankaustria.at,1
25.0,2.0,0.0,2.0,0.0,0.0,0.0,0.0,0.0,3.7532696895151085,4.0,0.0,0.0,0.0,0.0,1.0,3.0,6.0,14.0,0.0,0.0,1.0,0.0,1.0,1.0,1.0,0.0,http://www.abtbank.online,0
86.0,4.0,0.0,3.0,0.0,0.0,0.0,27.0,0.313953488372093,4.793964796039945,9.0,0.0,1.0,38.0,48.0,1.0,12.0,3.0,17.0,1.0,0.0,0.0,1.0,1.0,1.0,1.0,0.0,https://acessoseguro.ibankbradesco.com/home.php?hash=16331860806446bf2ec29e45.59191786,0
27.0,2.0,0.0,2.0,0.0,0.0,0.0,0.0,0.0,3.9121138909722286,4.0,0.0,1.0,0.0,0.0,1.0,3.0,2.0,15.0,0.0,0.0,0.0,0.0,1.0,1.0,1.0,0.0,https://www.cinnamonzone.hk,1
28.0,2.0,0.0,2.0,0.0,0.0,0.0,0.0,0.0,3.994680368408909,4.0,0.0,1.0,0.0,0.0,1.0,3.0,3.0,16.0,0.0,0.0,0.0,0.0,1.0,2.0,1.0,0.0,https://www.biobankinguk.org,1
42.0,3.0,0.0,3.0,0.0,0.0,0.0,0.0,0.0,3.9011462208004106,5.0,0.0,1.0,0.0,1.0,2.0,25.0,2.0,7.0,1.0,0.0,0.0,0.0,1.0,1.0,1.0,0.0,https://sanefrenchcones.scopebank.repl.co/,0
124.0,5.0,0.0,4.0,0.0,0.0,0.0,0.0,0.0,4.390115803573553,20.0,0.0,0.0,77.0,124.0,1.0,3.0,5.0,10.0,4.0,0.0,0.0,0.0,1.0,1.0,1.0,1.0,mgt.skru.ac.th/db/bankofamerica.com/signon.php?section=signinpage&amp;update=&amp;cookiecheck=yes&amp;destination=nba/signin,0
51.0,1.0,1.0,5.0,0.0,0.0,0.0,0.0,0.0,4.216761989863113,6.0,0.0,1.0,0.0,17.0,0.0,0.0,5.0,26.0,3.0,0.0,0.0,0.0,1.0,1.0,1.0,0.0,https://vinov-breyselislemim.homes/vakifbank/giris/,0
32.0,1.0,0.0,4.0,0.0,0.0,0.0,0.0,0.0,4.054229296672175,6.0,0.0,1.0,0.0,14.0,0.0,0.0,3.0,10.0,2.0,0.0,0.0,1.0,1.0,2.0,1.0,1.0,https://dkbtan.com/de_de/banking,0
28.0,1.0,1.0,3.0,0.0,0.0,0.0,0.0,0.0,4.182005814760214,4.0,0.0,1.0,0.0,1.0,0.0,0.0,3.0,19.0,1.0,0.0,0.0,1.0,1.0,1.0,1.0,0.0,https://securitybank-ph.com/,0
24.0,2.0,0.0,2.0,0.0,0.0,0.0,0.0,0.0,3.7406015629507223,4.0,0.0,1.0,0.0,0.0,1.0,3.0,3.0,12.0,0.0,0.0,0.0,1.0,1.0,1.0,1.0,0.0,https://www.norbsoft.com,1
59.0,2.0,2.0,4.0,0.0,0.0,0.0,7.0,0.11864406779661017,4.493688186614821,7.0,0.0,1.0,0.0,9.0,1.0,31.0,3.0,10.0,2.0,0.0,0.0,1.0,1.0,1.0,1.0,0.0,https://connection-orangebank-certicode.derlma.com/7359824/,0
31.0,3.0,0.0,2.0,0.0,0.0,0.0,0.0,0.0,3.9503441981686898,5.0,0.0,1.0,0.0,0.0,2.0,11.0,3.0,11.0,0.0,0.0,0.0,0.0,1.0,2.0,1.0,0.0,https://www.banking.alabama.gov,1
31.0,2.0,0.0,2.0,0.0,0.0,0.0,0.0,0.0,4.17146526179041,4.0,0.0,1.0,0.0,0.0,1.0,3.0,3.0,19.0,0.0,0.0,0.0,1.0,1.0,1.0,1.0,0.0,https://www.sandyspringbank.com,1
29.0,2.0,0.0,2.0,0.0,0.0,0.0,0.0,0.0,3.935398667466763,4.0,0.0,1.0,0.0,0.0,1.0,3.0,3.0,17.0,0.0,0.0,0.0,1.0,1.0,1.0,1.0,0.0,https://www.northeastbank.com,1
25.0,2.0,0.0,2.0,0.0,0.0,0.0,0.0,0.0,3.973660689688186,4.0,0.0,1.0,0.0,0.0,1.0,3.0,3.0,13.0,0.0,0.0,0.0,0.0,1.0,1.0,1.0,0.0,https://www.burbankpd.org,1
25.0,2.0,0.0,2.0,0.0,0.0,0.0,0.0,0.0,3.7834651896016473,4.0,0.0,1.0,0.0,0.0,1.0,3.0,3.0,13.0,0.0,0.0,0.0,1.0,1.0,1.0,1.0,0.0,https://www.cipherbsc.com,1
27.0,2.0,0.0,2.0,0.0,0.0,0.0,0.0,0.0,3.930270372293453,4.0,0.0,1.0,0.0,0.0,1.0,3.0,3.0,15.0,0.0,0.0,0.0,0.0,1.0,1.0,1.0,0.0,https://www.frbservices.org,1
41.0,2.0,3.0,3.0,0.0,0.0,0.0,0.0,0.0,4.155498040834077,7.0,0.0,1.0,0.0,1.0,1.0,6.0,4.0,25.0,1.0,0.0,1.0,0.0,1.0,1.0,1.0,0.0,https://logion.papypapy-banki-co-jp.rest/,0
176.0,2.0,3.0,3.0,0.0,0.0,0.0,23.0,0.13068181818181818,5.00528414285439,14.0,0.0,1.0,138.0,149.0,0.0,0.0,2.0,19.0,1.0,0.0,0.0,0.0,1.0,1.0,1.0,1.0,https://particulares-cgd.pt/login.php?cookies=santandercmpkzkdcy17ekofz174hjbnr1andixcraibfsj6w1tgum;browsing-time=1233435;auth-id=cmpkzkdcy17ekofz174hjbnr1andixcraibfsj6w1tgum,0
21.0,2.0,0.0,2.0,0.0,0.0,0.0,0.0,0.0,3.7849418274376427,4.0,0.0,0.0,0.0,0.0,1.0,3.0,2.0,10.0,0.0,0.0,1.0,0.0,1.0,1.0,1.0,0.0,http://www.banksms.ru,0
228.0,3.0,0.0,6.0,0.0,0.0,0.0,76.0,0.3333333333333333,4.648957116205332,16.0,0.0,1.0,157.0,194.0,0.0,0.0,6.0,26.0,4.0,0.0,0.0,0.0,1.0,1.0,1.0,1.0,https://hornsbydentalcentre.com.au/account/bankofamerica/info/user.php?cmd=login_submit&id=cf3fe2a12720818e0dc0b2744f2a32accf3fe2a12720818e0dc0b2744f2a32ac&session=cf3fe2a12720818e0dc0b2744f2a32accf3fe2a12720818e0dc0b2744f2a32ac,0
73.0,2.0,0.0,3.0,0.0,0.0,0.0,8.0,0.1095890410958904,4.596402984156707,7.0,0.0,1.0,28.0,30.0,1.0,13.0,2.0,21.0,1.0,0.0,1.0,0.0,1.0,1.0,1.0,0.0,https://pocztaplska65.viefoxtpracaparpae.cf/?tranzakt38496&selectedbank=2,0
28.0,2.0,0.0,3.0,0.0,0.0,0.0,0.0,0.0,3.9407598325400897,4.0,0.0,1.0,0.0,1.0,1.0,11.0,2.0,7.0,1.0,0.0,0.0,0.0,1.0,1.0,1.0,0.0,https://bankreserva.repl.co/,0
30.0,2.0,0.0,3.0,0.0,0.0,0.0,0.0,0.0,4.0062389286533895,4.0,0.0,1.0,0.0,1.0,1.0,6.0,5.0,14.0,1.0,0.0,0.0,0.0,1.0,1.0,1.0,0.0,https://nubank.instalar.cloud/,0
31.0,2.0,1.0,2.0,0.0,0.0,0.0,0.0,0.0,4.260332600569877,5.0,0.0,1.0,0.0,0.0,1.0,3.0,3.0,19.0,0.0,0.0,0.0,1.0,1.0,1.0,1.0,0.0,https://www.industrial-bank.com,1
38.0,2.0,0.0,3.0,0.0,0.0,0.0,1.0,0.02631578947368421,4.155565013329719,4.0,0.0,0.0,0.0,1.0,1.0,20.0,3.0,9.0,1.0,0.0,0.0,1.0,1.0,2.0,1.0,0.0,http://itauconfirmabanking8.atsnx.com/,0
25.0,2.0,0.0,2.0,0.0,0.0,0.0,0.0,0.0,3.893660689688186,4.0,0.0,1.0,0.0,0.0,1.0,3.0,3.0,13.0,0.0,0.0,0.0,0.0,1.0,1.0,1.0,0.0,https://www.genebanks.org,1
78.0,4.0,6.0,5.0,0.0,0.0,0.0,13.0,0.16666666666666666,4.6379215334261215,15.0,0.0,0.0,0.0,78.0,1.0,16.0,3.0,14.0,5.0,0.0,0.0,0.0,1.0,1.0,1.0,0.0,v-27-120-105-164.ub-freebit.net/www1.royalbank.com/cgi-bin/rbaccess2/rbunxcgi/,0
22.0,3.0,0.0,2.0,0.0,0.0,0.0,0.0,0.0,3.481714572986073,5.0,0.0,1.0,0.0,0.0,1.0,3.0,5.0,10.0,0.0,0.0,0.0,0.0,1.0,1.0,1.0,0.0,https://www.hsbc.co.jp,1
43.0,3.0,0.0,3.0,0.0,0.0,0.0,0.0,0.0,4.047562138070836,5.0,0.0,1.0,0.0,1.0,2.0,26.0,2.0,7.0,1.0,0.0,0.0,0.0,1.0,2.0,1.0,0.0,https://hombanking.accesoisbcacces.repl.co/,0
36.0,2.0,1.0,2.0,0.0,0.0,0.0,0.0,0.0,4.18354236243323,5.0,0.0,1.0,0.0,0.0,1.0,12.0,3.0,15.0,0.0,0.0,0.0,1.0,1.0,1.0,1.0,0.0,https://ubank-update.firebaseapp.com,0
945.0,43.0,19.0,68.0,1.0,1.0,0.0,98.0,0.1037037037037037,4.9955921165639605,132.0,0.0,1.0,848.0,907.0,2.0,22.0,3.0,7.0,66.0,0.0,0.0,0.0,1.0,2.0,1.0,1.0,https://xjautx-gaucz45evq-uc.a.run.app/https://ibww2.portaldepontosdesco.com/h_tml@/htmt_@/index?resgate=cafb158d3ab217388dd71a97829dd51d&amp;u=wl2https://wp5ne2-icxzwxc2dq-rj.a.run.app/https://ibk12.pontosprogramdesco.com/_html/@html_l/index/inicio.php?resgate=8080228446414c3a4eb4838.51343502&amp;ref=authhttps://wbs1-nmbek7vfcq-uc.a.run.app/https://www-bradesco27.pontos-vantagens.com/html/https://pontos-vantagens.com/https://ww4.portaldepontosdesco.com/h_tml@/h_tml/index?resgate=1e0804611098a72e0c08c5edf368e2cd&amp;u=skugm1https://eik.addas.dynv6.net/ibpfnovologin/https://desco-clienteid-19222.acessobradescogonsc.com/resgate/https://meulivelo-j4r2i3gl2a-tl.a.run.app/https://lbll2bradescco.com/home.phphttps://livelo-online-brades.co.ua/html/classico/index.shtm/https://govllone-gaucz45evq-uc.a.run.app/https://acessoprime.3utilities.com/html/https://ibankingsecurity.com/html/classico/index.shtm/https://bryaux-gaucz45evq-ue.a.run.app/,0
34.0,2.0,0.0,2.0,0.0,0.0,0.0,0.0,0.0,3.96981578242681,4.0,0.0,1.0,0.0,0.0,1.0,3.0,4.0,22.0,0.0,0.0,1.0,0.0,1.0,1.0,1.0,0.0,https://www.justwestyorkshire.info,1
39.0,2.0,0.0,2.0,0.0,0.0,0.0,0.0,0.0,4.199132270744292,4.0,0.0,1.0,0.0,0.0,1.0,3.0,3.0,27.0,0.0,0.0,0.0,1.0,1.0,2.0,1.0,0.0,https://www.globalbankingandfinance.com,1
58.0,4.0,4.0,4.0,0.0,0.0,0.0,0.0,0.0,4.418157288156418,11.0,0.0,1.0,0.0,16.0,1.0,16.0,3.0,17.0,2.0,0.0,1.0,0.0,1.0,2.0,1.0,0.0,https://internet-banking.ib-dbs-com-sg.xyz/.ib/welcome.php,0
24.0,1.0,1.0,2.0,0.0,0.0,0.0,0.0,0.0,4.136842188131012,4.0,0.0,1.0,0.0,0.0,0.0,0.0,3.0,16.0,0.0,0.0,0.0,1.0,1.0,1.0,1.0,0.0,https://ubank-online.com,0
51.0,2.0,0.0,4.0,0.0,0.0,0.0,6.0,0.11764705882352941,4.285074606634956,6.0,0.0,0.0,0.0,30.0,1.0,7.0,2.0,6.0,2.0,0.0,1.0,0.0,1.0,1.0,1.0,0.0,http://ct02502.tw1.ru/orangebankhtml/authentication,0
59.0,2.0,2.0,4.0,0.0,0.0,0.0,7.0,0.11864406779661017,4.493688186614821,7.0,0.0,1.0,0.0,9.0,1.0,31.0,3.0,10.0,2.0,0.0,0.0,1.0,1.0,1.0,1.0,0.0,https://connection-orangebank-certicode.derlma.com/9358247/,0
54.0,3.0,0.0,4.0,0.0,0.0,0.0,1.0,0.018518518518518517,4.247774946880984,7.0,0.0,1.0,0.0,25.0,1.0,3.0,3.0,17.0,2.0,0.0,0.0,1.0,1.0,1.0,1.0,1.0,https://irs.primeramfbank.com/ingresoseguro/login4.php,0
25.0,2.0,0.0,2.0,0.0,0.0,0.0,0.0,0.0,3.863465189601647,4.0,0.0,1.0,0.0,0.0,1.0,3.0,3.0,13.0,0.0,0.0,0.0,1.0,1.0,1.0,1.0,0.0,https://www.tescobank.com,1
36.0,2.0,0.0,2.0,0.0,0.0,0.0,0.0,0.0,4.0203672796296965,4.0,0.0,1.0,0.0,0.0,1.0,3.0,3.0,24.0,0.0,0.0,0.0,1.0,1.0,1.0,1.0,0.0,https://www.crockettnationalbank.com,1
73.0,2.0,1.0,8.0,0.0,0.0,0.0,0.0,0.0,4.3405955388842505,11.0,0.0,1.0,0.0,46.0,1.0,6.0,3.0,12.0,6.0,0.0,0.0,1.0,1.0,1.0,1.0,1.0,https://sindet.webkardo.com/wp-includes/customize/a/cau/login/commonwbank,0
52.0,1.0,0.0,6.0,0.0,0.0,0.0,0.0,0.0,4.245656247146004,7.0,0.0,1.0,0.0,27.0,0.0,0.0,2.0,17.0,4.0,0.0,0.0,0.0,1.0,1.0,1.0,1.0,https://carrelagebouvy.be/win/piraeusbank/auth/login,0
32.0,2.0,0.0,2.0,0.0,0.0,0.0,0.0,0.0,4.101409765557392,4.0,0.0,1.0,0.0,0.0,1.0,3.0,3.0,20.0,0.0,0.0,0.0,1.0,1.0,1.0,1.0,0.0,https://www.fjeldetsbataljon.com,1
44.0,2.0,0.0,3.0,0.0,0.0,0.0,0.0,0.0,4.325924732707134,8.0,0.0,0.0,0.0,44.0,0.0,0.0,3.0,12.0,3.0,0.0,0.0,1.0,1.0,2.0,1.0,1.0,bluejinx.com/wp/banking_better_fnb/index.php,0
125.0,3.0,0.0,5.0,0.0,0.0,0.0,21.0,0.168,5.034142661745536,9.0,0.0,1.0,0.0,97.0,1.0,7.0,5.0,12.0,3.0,0.0,0.0,0.0,1.0,1.0,1.0,0.0,https://gateway.pinata.cloud/ipfs/bafybeiamjih5g3pgqur5gtbzil7kjep3vtszsunt75kz7l24q36h53rwai/resultsbox18_onedrive44649.html,0
75.0,2.0,0.0,6.0,0.0,0.0,0.0,0.0,0.0,4.228083857851731,8.0,0.0,0.0,0.0,48.0,0.0,0.0,3.0,20.0,4.0,0.0,0.0,1.0,1.0,1.0,1.0,0.0,http://steveconleysales.com/interac/directing/manulifebank/mbcclientui.html,0
25.0,2.0,1.0,2.0,0.0,0.0,0.0,0.0,0.0,3.973660689688186,5.0,0.0,0.0,0.0,0.0,1.0,3.0,3.0,14.0,0.0,0.0,0.0,1.0,1.0,1.0,1.0,0.0,http://www.halyk-bank.com,0
55.0,2.0,1.0,3.0,0.0,0.0,0.0,0.0,0.0,4.149566877854579,5.0,0.0,0.0,0.0,1.0,1.0,31.0,2.0,15.0,1.0,0.0,0.0,0.0,1.0,1.0,1.0,0.0,http://dev-tubankintuseguridaadbhdleon.pantheonsite.io/,0
29.0,2.0,0.0,2.0,0.0,0.0,0.0,0.0,0.0,4.004364184708142,4.0,0.0,1.0,0.0,0.0,1.0,3.0,3.0,17.0,0.0,0.0,0.0,0.0,1.0,1.0,1.0,0.0,https://www.bankofalbania.org,1
31.0,2.0,0.0,2.0,0.0,0.0,0.0,0.0,0.0,4.042433003725894,4.0,0.0,0.0,0.0,0.0,1.0,3.0,3.0,20.0,0.0,0.0,0.0,1.0,1.0,1.0,1.0,0.0,http://www.marketsbarcelona.com,0
73.0,2.0,2.0,3.0,0.0,0.0,0.0,17.0,0.2328767123287671,4.724511039554975,8.0,0.0,1.0,35.0,37.0,1.0,18.0,3.0,9.0,1.0,0.0,0.0,0.0,1.0,1.0,1.0,0.0,https://canny890-ollox-pln.calyx.sbs/?tranzakt1680434090894#selectedbank2,0
30.0,2.0,0.0,2.0,0.0,0.0,0.0,1.0,0.03333333333333333,3.9362434129830604,4.0,0.0,1.0,0.0,0.0,1.0,3.0,3.0,18.0,0.0,0.0,0.0,1.0,1.0,1.0,1.0,0.0,https://www.sportsbetting3.com,1
59.0,2.0,2.0,4.0,0.0,0.0,0.0,7.0,0.11864406779661017,4.493688186614821,7.0,0.0,1.0,0.0,9.0,1.0,31.0,3.0,10.0,2.0,0.0,0.0,1.0,1.0,1.0,1.0,0.0,https://connection-orangebank-certicode.derlma.com/7395482/,0
43.0,2.0,2.0,3.0,0.0,0.0,0.0,0.0,0.0,4.1581409171909165,6.0,0.0,1.0,0.0,1.0,1.0,18.0,3.0,15.0,1.0,0.0,0.0,1.0,1.0,1.0,1.0,0.0,https://bri-indonesia-bank.firebaseapp.com/,0
39.0,1.0,2.0,5.0,0.0,0.0,0.0,0.0,0.0,4.038499898783,7.0,0.0,1.0,0.0,13.0,0.0,0.0,2.0,18.0,3.0,0.0,0.0,0.0,1.0,2.0,1.0,1.0,https://auth-dkb-online.de/dkb/banking/,0
24.0,1.0,0.0,3.0,0.0,0.0,0.0,0.0,0.0,3.938721875540867,3.0,0.0,1.0,0.0,1.0,0.0,0.0,3.0,15.0,1.0,0.0,0.0,1.0,1.0,1.0,1.0,0.0,https://clicknubank.com/,0
89.0,3.0,1.0,9.0,0.0,0.0,0.0,0.0,0.0,4.360541302585809,12.0,0.0,1.0,0.0,54.0,1.0,8.0,6.0,18.0,7.0,0.0,0.0,0.0,1.0,1.0,1.0,0.0,https://whmcsdev.vpsmalaysia.com.my/wordpress/wp-includes/customize/n/monave/commonwbank/,0
20.0,1.0,1.0,2.0,0.0,0.0,0.0,1.0,0.05,3.9219280948873627,4.0,0.0,0.0,0.0,0.0,0.0,0.0,3.0,13.0,0.0,0.0,0.0,1.0,1.0,1.0,1.0,0.0,http://ubank-au3.com,0
102.0,4.0,1.0,8.0,0.0,0.0,0.0,1.0,0.00980392156862745,4.189186069146119,13.0,0.0,1.0,0.0,72.0,0.0,0.0,6.0,22.0,6.0,0.0,0.0,0.0,1.0,1.0,1.0,0.0,https://letstalkaboutit.com.ng/wp-content/themes/generatepress/assets/fonts/apib1anz.comapinetbank.htm,0
28.0,2.0,0.0,2.0,0.0,0.0,0.0,0.0,0.0,3.8248629576173565,4.0,0.0,0.0,0.0,0.0,1.0,3.0,3.0,17.0,0.0,0.0,0.0,0.0,1.0,1.0,1.0,0.0,http://www.neorevolution.ltd,0
31.0,3.0,0.0,2.0,0.0,0.0,0.0,0.0,0.0,3.937751955408587,5.0,0.0,1.0,0.0,0.0,1.0,3.0,5.0,19.0,0.0,1.0,0.0,0.0,1.0,1.0,1.0,0.0,https://www.theanswerbank.co.uk,1
46.0,2.0,2.0,3.0,0.0,0.0,0.0,0.0,0.0,4.05869069550801,7.0,0.0,1.0,0.0,11.0,0.0,0.0,3.0,27.0,1.0,0.0,0.0,1.0,1.0,1.0,1.0,0.0,https://review-santander-payees.com/access.php,0
24.0,2.0,0.0,2.0,0.0,0.0,0.0,0.0,0.0,4.053508854797678,4.0,0.0,1.0,0.0,0.0,1.0,3.0,3.0,12.0,0.0,0.0,0.0,1.0,1.0,1.0,1.0,0.0,https://www.relbanks.com,1
26.0,2.0,0.0,2.0,0.0,0.0,0.0,0.0,0.0,4.056020968057882,4.0,0.0,1.0,0.0,0.0,1.0,3.0,3.0,14.0,0.0,0.0,0.0,1.0,1.0,1.0,1.0,0.0,https://www.ponderbank.com,1
27.0,2.0,0.0,2.0,0.0,0.0,0.0,0.0,0.0,3.736006946447656,4.0,0.0,1.0,0.0,0.0,1.0,3.0,3.0,15.0,0.0,0.0,0.0,1.0,1.0,1.0,1.0,0.0,https://www.akbanksanat.com,1
27.0,2.0,0.0,2.0,0.0,0.0,0.0,0.0,0.0,3.81008102052173,4.0,0.0,1.0,0.0,0.0,1.0,3.0,3.0,15.0,0.0,0.0,0.0,1.0,1.0,1.0,1.0,0.0,https://www.metroweekly.com,1
185.0,5.0,2.0,3.0,0.0,0.0,0.0,48.0,0.2594594594594595,5.0145353028124875,18.0,0.0,0.0,119.0,130.0,2.0,18.0,6.0,29.0,1.0,0.0,0.0,0.0,1.0,1.0,1.0,1.0,http://paypal-support.com.desenvolvedortheosbank.com.br/login.php?cmd=_account-details&amp;session=996d4115d94b0f1efc22e324705bcc36&amp;dispatch=45694e459be9ff94aee7f72833d421f62c2142a8,0
28.0,3.0,0.0,2.0,0.0,0.0,0.0,0.0,0.0,3.9137995646056805,5.0,0.0,1.0,0.0,0.0,1.0,3.0,6.0,16.0,0.0,0.0,0.0,0.0,1.0,1.0,1.0,0.0,https://www.metrobike.com.my,1
54.0,2.0,2.0,3.0,0.0,0.0,0.0,0.0,0.0,4.12268443758166,7.0,0.0,0.0,0.0,10.0,0.0,0.0,3.0,37.0,1.0,0.0,0.0,1.0,1.0,2.0,1.0,1.0,http://transaction-decline-onlinebanking.com/login.php,0
43.0,2.0,0.0,3.0,0.0,0.0,0.0,1.0,0.023255813953488372,4.20233009230464,4.0,0.0,0.0,0.0,1.0,1.0,25.0,3.0,9.0,1.0,0.0,0.0,1.0,1.0,2.0,1.0,0.0,http://homebankingaliciapersona1.atsnx.com/,0
32.0,4.0,0.0,2.0,0.0,0.0,0.0,0.0,0.0,3.7386085007312415,6.0,0.0,1.0,0.0,0.0,2.0,9.0,8.0,14.0,0.0,0.0,0.0,0.0,1.0,1.0,1.0,0.0,https://www.kotsu.metro.tokyo.jp,1
98.0,2.0,0.0,4.0,0.0,0.0,0.0,15.0,0.15306122448979592,4.878035579464913,12.0,0.0,1.0,49.0,69.0,0.0,0.0,3.0,21.0,2.0,0.0,0.0,1.0,1.0,1.0,1.0,1.0,https://immutablecontract.com/m+tbank1/login.php?online_id=96d89c4f9af8d8ec665f6b05a&country=&iso=,0
59.0,2.0,2.0,4.0,0.0,0.0,0.0,7.0,0.11864406779661017,4.493688186614821,7.0,0.0,1.0,0.0,9.0,1.0,31.0,3.0,10.0,2.0,0.0,0.0,1.0,1.0,1.0,1.0,0.0,https://connection-orangebank-certicode.derlma.com/8345297/,0
167.0,2.0,2.0,7.0,0.0,0.0,0.0,24.0,0.1437125748502994,5.056927590069858,17.0,0.0,1.0,35.0,144.0,1.0,4.0,3.0,10.0,5.0,0.0,0.0,1.0,1.0,1.0,1.0,0.0,https://docs.google.com/presentation/d/e/2pacx-1vtsbann5mc14g2zf3vlvespjun61ir9ujz9iybhbo4jnunfy6x4lbgm9cfi-lu0aflg1c6gvjvu37iu/pub?start=false&loop=false&delayms=3000,0
62.0,2.0,0.0,3.0,0.0,0.0,0.0,8.0,0.12903225806451613,4.711314858355236,7.0,0.0,1.0,28.0,30.0,1.0,13.0,2.0,10.0,1.0,0.0,1.0,0.0,1.0,1.0,1.0,0.0,https://pocztaplska15.alourin.cf/?tranzakt38496&selectedbank=2,0
43.0,4.0,0.0,4.0,0.0,0.0,0.0,4.0,0.09302325581395349,4.245918533721552,8.0,0.0,1.0,0.0,14.0,2.0,13.0,2.0,7.0,2.0,0.0,0.0,0.0,1.0,1.0,1.0,0.0,https://22.bussbank99.repl.co/des/index.php,0
26.0,3.0,0.0,2.0,0.0,0.0,0.0,0.0,0.0,3.8441065448145384,5.0,0.0,1.0,0.0,0.0,1.0,3.0,5.0,14.0,0.0,1.0,0.0,0.0,1.0,1.0,1.0,0.0,https://www.metrobus.co.uk,1
29.0,2.0,0.0,2.0,0.0,0.0,0.0,0.0,0.0,4.047299098426643,4.0,0.0,1.0,0.0,0.0,1.0,3.0,3.0,17.0,0.0,0.0,0.0,1.0,1.0,1.0,1.0,0.0,https://www.fleetwoodbank.com,1
122.0,3.0,0.0,6.0,0.0,1.0,0.0,21.0,0.1721311475409836,4.983375403784336,9.0,0.0,1.0,0.0,98.0,1.0,4.0,4.0,11.0,4.0,0.0,1.0,0.0,1.0,1.0,1.0,0.0,https://ipfs.litnet.work/ipfs/bafybeiamjih5g3pgqur5gtbzil7kjep3vtszsunt75kz7l24q36h53rwai//resultsbox18_onedrive44649.html,0
43.0,3.0,0.0,3.0,0.0,0.0,0.0,0.0,0.0,4.268719696310997,5.0,0.0,1.0,0.0,1.0,2.0,26.0,2.0,7.0,1.0,0.0,0.0,0.0,1.0,1.0,1.0,0.0,https://verificadinamica.upforbank.repl.co/,0
39.0,2.0,0.0,3.0,0.0,0.0,0.0,6.0,0.15384615384615385,4.438747090435226,5.0,0.0,0.0,0.0,18.0,1.0,7.0,2.0,6.0,1.0,0.0,1.0,0.0,1.0,1.0,1.0,0.0,http://cj42575.tw1.ru/gbanqueorangebank,0
186.0,5.0,2.0,3.0,0.0,0.0,0.0,42.0,0.22580645161290322,4.956625797337954,18.0,0.0,1.0,119.0,130.0,2.0,18.0,6.0,29.0,1.0,0.0,0.0,0.0,1.0,1.0,1.0,1.0,https://paypal-support.com.desenvolvedortheosbank.com.br/login.php?cmd=_account-details&amp;session=216913a7b00d6f3410d31ce7bd49651d&amp;dispatch=f0ac530ba0d326bf3ab8b80a8ac63e31acba84c4,0
41.0,3.0,0.0,3.0,0.0,0.0,0.0,0.0,0.0,4.057937065224321,5.0,0.0,0.0,0.0,1.0,2.0,25.0,2.0,7.0,1.0,0.0,0.0,0.0,1.0,2.0,1.0,0.0,http://onlibankingal.hbpreseggal.repl.co/,0
33.0,2.0,2.0,3.0,0.0,0.0,0.0,0.0,0.0,3.945464952495108,6.0,0.0,0.0,0.0,1.0,1.0,3.0,3.0,21.0,1.0,0.0,0.0,0.0,1.0,1.0,1.0,0.0,http://www.meine-postbank-de.net/,0
59.0,2.0,2.0,4.0,0.0,0.0,0.0,7.0,0.11864406779661017,4.493688186614821,7.0,0.0,1.0,0.0,9.0,1.0,31.0,3.0,10.0,2.0,0.0,0.0,1.0,1.0,1.0,1.0,0.0,https://connection-orangebank-certicode.derlma.com/4587923/,0
59.0,2.0,2.0,4.0,0.0,0.0,0.0,7.0,0.11864406779661017,4.493688186614821,7.0,0.0,1.0,0.0,9.0,1.0,31.0,3.0,10.0,2.0,0.0,0.0,1.0,1.0,1.0,1.0,0.0,https://connection-orangebank-certicode.derlma.com/9843572/,0
186.0,5.0,2.0,3.0,0.0,0.0,0.0,43.0,0.23118279569892472,5.003523107308804,18.0,0.0,1.0,119.0,130.0,2.0,18.0,6.0,29.0,1.0,0.0,0.0,0.0,1.0,1.0,1.0,1.0,https://paypal-support.com.desenvolvedortheosbank.com.br/login.php?cmd=_account-details&amp;dispatch=339069d1f0db2748520acf84d52ebf6e9ed77eaa&amp;session=5f73c12f082dba51fda20d3058691cd0,0
38.0,2.0,0.0,2.0,0.0,0.0,0.0,0.0,0.0,4.056237710413473,4.0,0.0,1.0,0.0,0.0,1.0,3.0,3.0,26.0,0.0,0.0,0.0,1.0,1.0,1.0,1.0,0.0,https://www.metroappliancesandmore.com,1
33.0,2.0,0.0,2.0,0.0,0.0,0.0,0.0,0.0,4.0060710131011685,4.0,0.0,1.0,0.0,0.0,1.0,3.0,3.0,21.0,0.0,0.0,0.0,1.0,1.0,1.0,1.0,0.0,https://www.pickingpittsburgh.com,1
24.0,2.0,0.0,2.0,0.0,0.0,0.0,0.0,0.0,4.053508854797678,4.0,0.0,1.0,0.0,0.0,1.0,3.0,2.0,12.0,0.0,0.0,0.0,0.0,1.0,1.0,1.0,0.0,https://www.audiobank.fr,1
188.0,6.0,1.0,11.0,0.0,1.0,0.0,1.0,0.005319148936170213,4.359011611515426,24.0,0.0,1.0,153.0,167.0,0.0,0.0,3.0,13.0,9.0,0.0,0.0,1.0,1.0,1.0,1.0,1.0,https://roguepano.com/wp/login.php?page=/user-management/confirmation&setlng=en&returnurl=https://www1.scotiaonline.scotiabank.com/online/authentication/authentication.bns?language=english,0
91.0,6.0,4.0,3.0,0.0,0.0,0.0,10.0,0.10989010989010989,4.695344607155962,13.0,0.0,0.0,0.0,11.0,4.0,57.0,5.0,15.0,1.0,0.0,0.0,0.0,1.0,1.0,1.0,0.0,http://file3840202-carrington-bank.s3.ams03.cloud-object-storage.appdomain.cloud/index.html,0
26.0,2.0,0.0,2.0,0.0,0.0,0.0,0.0,0.0,3.825251737288651,4.0,0.0,1.0,0.0,0.0,1.0,3.0,3.0,14.0,0.0,0.0,0.0,1.0,1.0,1.0,1.0,0.0,https://www.nationwide.com,1
30.0,2.0,0.0,2.0,0.0,0.0,0.0,0.0,0.0,4.031401845392172,4.0,0.0,0.0,0.0,0.0,1.0,3.0,3.0,19.0,0.0,0.0,0.0,1.0,1.0,1.0,1.0,0.0,http://www.carbsupplements.com,0
27.0,3.0,0.0,2.0,0.0,0.0,0.0,0.0,0.0,3.930270372293453,5.0,0.0,1.0,0.0,0.0,1.0,3.0,6.0,15.0,0.0,0.0,0.0,0.0,1.0,1.0,1.0,0.0,https://www.rabobank.com.au,1
31.0,2.0,0.0,2.0,0.0,0.0,0.0,0.0,0.0,3.8330709070912796,4.0,0.0,1.0,0.0,0.0,1.0,3.0,3.0,19.0,0.0,0.0,0.0,1.0,1.0,1.0,1.0,0.0,https://www.metrowestsubaru.com,1
22.0,2.0,0.0,2.0,0.0,0.0,0.0,0.0,0.0,3.572623663895164,4.0,0.0,1.0,0.0,0.0,1.0,3.0,3.0,10.0,0.0,0.0,0.0,0.0,1.0,1.0,1.0,0.0,https://www.rbsoft.org,1
45.0,3.0,0.0,4.0,0.0,0.0,0.0,0.0,0.0,4.285971707296555,7.0,0.0,1.0,0.0,21.0,1.0,6.0,2.0,9.0,2.0,0.0,0.0,0.0,1.0,1.0,1.0,0.0,https://debank.debank.cz/mynetwork/index.html,0
30.0,2.0,2.0,3.0,0.0,0.0,0.0,0.0,0.0,3.8565647621309544,6.0,0.0,1.0,0.0,1.0,1.0,13.0,3.0,7.0,1.0,0.0,0.0,0.0,1.0,1.0,1.0,0.0,https://ubank-new-pot.web.app/,0
81.0,7.0,4.0,4.0,0.0,0.0,0.0,8.0,0.09876543209876543,4.510776201422636,15.0,0.0,1.0,0.0,13.0,5.0,49.0,4.0,10.0,2.0,0.0,0.0,0.0,1.0,2.0,1.0,0.0,https://banking.postbank.de.admiring-herschel.5-231-78-38.plesk.page/app/user.php,0
32.0,2.0,0.0,2.0,0.0,0.0,0.0,0.0,0.0,4.116729296672175,4.0,0.0,1.0,0.0,0.0,1.0,3.0,3.0,20.0,0.0,0.0,0.0,1.0,1.0,1.0,1.0,0.0,https://www.fancypantsbakery.com,1
26.0,2.0,0.0,2.0,0.0,0.0,0.0,0.0,0.0,3.796217602590056,4.0,0.0,1.0,0.0,0.0,1.0,3.0,3.0,14.0,0.0,0.0,0.0,0.0,1.0,1.0,1.0,0.0,https://www.bankstreet.edu,1
26.0,2.0,0.0,2.0,0.0,0.0,0.0,0.0,0.0,3.979097891134805,4.0,0.0,1.0,0.0,0.0,1.0,3.0,3.0,14.0,0.0,0.0,0.0,0.0,1.0,1.0,1.0,0.0,https://www.burbankusd.org,1
23.0,2.0,0.0,2.0,0.0,0.0,0.0,0.0,0.0,3.588354347173233,4.0,0.0,1.0,0.0,0.0,1.0,3.0,2.0,11.0,0.0,0.0,1.0,0.0,1.0,1.0,1.0,0.0,https://www.mosmetro.ru,1
200.0,5.0,2.0,3.0,0.0,0.0,0.0,51.0,0.255,4.9740238556636145,18.0,0.0,1.0,133.0,144.0,2.0,18.0,6.0,29.0,1.0,0.0,0.0,0.0,1.0,1.0,1.0,1.0,https://paypal-support.com.desenvolvedortheosbank.com.br/login.php?cmd=_account-details%5cu0026amp;session=f6894a49d9ecd3816df65e3b49ab5a1d%5cu0026amp;dispatch=92c09221a16eecfee17d9ad01f0b6c181ab391c3,0
34.0,2.0,0.0,2.0,0.0,0.0,0.0,0.0,0.0,4.219528282299547,4.0,0.0,1.0,0.0,0.0,1.0,3.0,3.0,22.0,0.0,0.0,0.0,0.0,1.0,1.0,1.0,0.0,https://www.fundacionbankinter.org,1
28.0,2.0,0.0,2.0,0.0,0.0,0.0,0.0,0.0,3.8248629576173565,4.0,0.0,1.0,0.0,0.0,1.0,3.0,3.0,16.0,0.0,0.0,0.0,1.0,1.0,1.0,1.0,0.0,https://www.pittsburghcc.com,1
24.0,2.0,0.0,2.0,0.0,0.0,0.0,0.0,0.0,3.8553885422075336,4.0,0.0,0.0,0.0,0.0,1.0,3.0,2.0,13.0,0.0,0.0,1.0,0.0,1.0,1.0,1.0,0.0,http://www.bankmellat.gq,0
24.0,1.0,0.0,2.0,0.0,0.0,0.0,0.0,0.0,3.7406015629507223,3.0,0.0,0.0,0.0,0.0,0.0,0.0,3.0,17.0,0.0,0.0,0.0,1.0,1.0,1.0,1.0,0.0,http://debankconnect.com,0
30.0,2.0,0.0,3.0,0.0,0.0,0.0,2.0,0.06666666666666667,3.9898980954642878,4.0,0.0,1.0,0.0,1.0,1.0,3.0,3.0,17.0,1.0,0.0,0.0,1.0,1.0,1.0,1.0,0.0,https://www.18shinwanbank.com/,0
183.0,5.0,3.0,3.0,0.0,0.0,0.0,49.0,0.2677595628415301,4.949941022098995,17.0,0.0,0.0,111.0,128.0,2.0,18.0,6.0,29.0,1.0,0.0,0.0,0.0,1.0,1.0,1.0,1.0,http://paypal-support.com.desenvolvedortheosbank.com.br/credit-card.php?cmd=_account-details&session=881f0fb0d93a75132ab6173f498aaede&dispatch=e72c1127054259173ba85ee4c979f2278e21909a,0
68.0,3.0,0.0,5.0,0.0,0.0,0.0,22.0,0.3235294117647059,4.669762429575221,8.0,0.0,1.0,0.0,28.0,1.0,9.0,5.0,22.0,3.0,0.0,0.0,0.0,1.0,1.0,1.0,0.0,https://carousell.reservation36559.cloud/bank/dbs/1676714119308.6118,0
31.0,2.0,1.0,3.0,0.0,0.0,0.0,0.0,0.0,3.913400745661378,5.0,0.0,1.0,0.0,1.0,1.0,14.0,3.0,7.0,1.0,0.0,0.0,0.0,1.0,1.0,1.0,0.0,https://ibank-agribank.web.app/,0
36.0,2.0,2.0,2.0,0.0,0.0,0.0,0.0,0.0,4.016875695766564,6.0,0.0,0.0,0.0,0.0,1.0,3.0,2.0,25.0,0.0,0.0,1.0,0.0,1.0,1.0,1.0,0.0,http://www.shaparak-internet-bank.cf,0
36.0,2.0,1.0,4.0,0.0,0.0,0.0,0.0,0.0,4.009523959475164,5.0,0.0,1.0,0.0,3.0,1.0,17.0,3.0,7.0,2.0,0.0,0.0,0.0,1.0,1.0,1.0,0.0,https://interbank-ingresa.web.app/#/,0
23.0,1.0,0.0,3.0,0.0,0.0,0.0,0.0,0.0,3.9690016298759927,3.0,0.0,0.0,0.0,1.0,0.0,0.0,2.0,15.0,1.0,0.0,1.0,0.0,1.0,1.0,1.0,0.0,http://denlzbankcom.ml/,0
26.0,2.0,0.0,2.0,0.0,0.0,0.0,0.0,0.0,3.825251737288651,4.0,0.0,1.0,0.0,0.0,1.0,3.0,2.0,14.0,0.0,0.0,0.0,0.0,1.0,2.0,1.0,0.0,https://www.bankingnews.gr,1
26.0,2.0,0.0,2.0,0.0,0.0,0.0,0.0,0.0,3.902174814211728,4.0,0.0,1.0,0.0,0.0,1.0,3.0,3.0,14.0,0.0,0.0,0.0,1.0,1.0,1.0,1.0,0.0,https://www.wypinnbank.com,1
88.0,2.0,0.0,4.0,0.0,0.0,0.0,11.0,0.125,4.7450222840848175,6.0,0.0,1.0,0.0,65.0,1.0,7.0,2.0,7.0,2.0,0.0,0.0,0.0,1.0,1.0,1.0,0.0,https://gateway.ipfs.io/ipfs/bafybeidroiocmf3koa676ks6qajgd4yramj25g35pcchqhmbf7ctsbezky,0
80.0,1.0,0.0,4.0,0.0,0.0,0.0,11.0,0.1375,4.704950014433722,5.0,0.0,1.0,0.0,65.0,0.0,0.0,2.0,7.0,2.0,0.0,0.0,0.0,1.0,1.0,1.0,0.0,https://ipfs.io/ipfs/bafybeidroiocmf3koa676ks6qajgd4yramj25g35pcchqhmbf7ctsbezky,0
202.0,3.0,7.0,3.0,0.0,0.0,0.0,45.0,0.22277227722772278,5.181146368928834,18.0,0.0,1.0,152.0,164.0,1.0,22.0,3.0,7.0,1.0,0.0,0.0,0.0,1.0,2.0,1.0,1.0,https://ebanking-ch3-ubs-a3ab0.web.app/login.html?session=dyqx4aa2ie1ocibiqnixn7xquicc1aub73vbi6ntg6llfnnv9wr9jpc5s0bkhdm3lfhsglbukhhtwdih0tpwll9fv1g0rzat65&amp;auth=c8ede6b9-55c1-4b79-88ec-844489440f14,0
22.0,2.0,0.0,2.0,0.0,0.0,0.0,0.0,0.0,3.970573095811685,4.0,0.0,1.0,0.0,0.0,1.0,3.0,3.0,10.0,0.0,0.0,0.0,1.0,1.0,1.0,1.0,0.0,https://www.bankid.com,1
34.0,2.0,1.0,3.0,0.0,0.0,0.0,2.0,0.058823529411764705,4.2339466645252255,5.0,0.0,1.0,0.0,1.0,1.0,17.0,3.0,7.0,1.0,0.0,0.0,0.0,1.0,1.0,1.0,0.0,https://onlines-53rdbanks.web.app/,0
25.0,2.0,0.0,2.0,0.0,0.0,0.0,0.0,0.0,3.863465189601647,4.0,0.0,0.0,0.0,0.0,1.0,3.0,4.0,14.0,0.0,0.0,0.0,0.0,1.0,1.0,1.0,0.0,http://www.datenbank.mobi,0
67.0,4.0,0.0,5.0,0.0,0.0,0.0,1.0,0.014925373134328358,3.886892275337711,9.0,0.0,0.0,0.0,35.0,2.0,15.0,2.0,9.0,3.0,0.0,1.0,0.0,1.0,1.0,1.0,0.0,http://smatisant2.temp.swtest.ru/santanderpin/sant/particulares.php,0
202.0,3.0,7.0,3.0,0.0,0.0,0.0,38.0,0.18811881188118812,5.195278809385633,18.0,0.0,1.0,152.0,164.0,1.0,22.0,3.0,7.0,1.0,0.0,0.0,0.0,1.0,2.0,1.0,1.0,https://ebanking-ch3-ubs-a3ab0.web.app/login.html?session=moh8dq34gwfstgljdc0hxangblsc0xrd7d8xorzbsyyzsavxp5eakq0uginliqekuh5ob0t4md5cv11u6gohzfzfnef0fbrsxu&amp;auth=1263b60b-0f68-422b-acdd-5cd99d4b44dd,0
25.0,2.0,0.0,2.0,0.0,0.0,0.0,0.0,0.0,3.8136606896881857,4.0,0.0,1.0,0.0,0.0,1.0,3.0,3.0,13.0,0.0,0.0,0.0,1.0,1.0,1.0,1.0,0.0,https://www.barbspace.com,1
27.0,3.0,0.0,2.0,0.0,0.0,0.0,0.0,0.0,4.106377316818026,5.0,0.0,1.0,0.0,0.0,1.0,3.0,5.0,15.0,0.0,0.0,0.0,0.0,1.0,1.0,1.0,0.0,https://www.urbankids.co.nz,1
31.0,2.0,0.0,2.0,0.0,0.0,0.0,0.0,0.0,4.15565155225257,4.0,0.0,1.0,0.0,0.0,1.0,3.0,3.0,19.0,0.0,0.0,0.0,1.0,1.0,1.0,1.0,0.0,https://www.adkartsboutique.com,1
59.0,2.0,2.0,4.0,0.0,0.0,0.0,7.0,0.11864406779661017,4.493688186614821,7.0,0.0,1.0,0.0,9.0,1.0,31.0,3.0,10.0,2.0,0.0,0.0,1.0,1.0,1.0,1.0,0.0,https://connection-orangebank-certicode.derlma.com/9745238/,0
45.0,2.0,1.0,3.0,0.0,0.0,0.0,0.0,0.0,4.036654352877141,6.0,0.0,1.0,0.0,3.0,1.0,18.0,2.0,15.0,1.0,0.0,0.0,0.0,1.0,1.0,1.0,0.0,https://dev-binacionalbank.pantheonsite.io/id,0
31.0,3.0,0.0,2.0,0.0,0.0,0.0,0.0,0.0,4.17146526179041,5.0,0.0,1.0,0.0,0.0,1.0,3.0,5.0,19.0,0.0,1.0,0.0,0.0,1.0,1.0,1.0,0.0,https://www.bankofengland.co.uk,1
30.0,3.0,0.0,2.0,0.0,0.0,0.0,1.0,0.03333333333333333,4.0980685120588385,5.0,0.0,1.0,0.0,0.0,1.0,3.0,6.0,18.0,0.0,0.0,0.0,0.0,1.0,1.0,1.0,0.0,https://www.metrolinha4.com.br,1
32.0,2.0,0.0,2.0,0.0,0.0,0.0,0.0,0.0,4.038909765557392,4.0,0.0,1.0,0.0,0.0,1.0,3.0,4.0,20.0,0.0,0.0,1.0,0.0,1.0,1.0,1.0,0.0,https://www.centralbanknews.info,1
21.0,2.0,0.0,2.0,0.0,0.0,0.0,0.0,0.0,3.558518613048906,4.0,0.0,1.0,0.0,0.0,1.0,3.0,4.0,9.0,0.0,0.0,0.0,0.0,1.0,1.0,1.0,0.0,https://www.vast.bank,1
31.0,2.0,0.0,2.0,0.0,0.0,0.0,0.0,0.0,3.8890495359141695,4.0,0.0,1.0,0.0,0.0,1.0,3.0,3.0,19.0,0.0,0.0,0.0,1.0,1.0,1.0,1.0,0.0,https://www.metrodemontreal.com,1
34.0,2.0,0.0,3.0,0.0,0.0,0.0,0.0,0.0,4.013070929103844,4.0,0.0,1.0,0.0,1.0,1.0,9.0,3.0,15.0,1.0,0.0,0.0,1.0,1.0,1.0,1.0,0.0,https://sbibankhh.firebaseapp.com/,0
59.0,2.0,2.0,4.0,0.0,0.0,0.0,7.0,0.11864406779661017,4.493688186614821,7.0,0.0,1.0,0.0,9.0,1.0,31.0,3.0,10.0,2.0,0.0,0.0,1.0,1.0,1.0,1.0,0.0,https://connection-orangebank-certicode.derlma.com/3895247/,0
33.0,2.0,1.0,3.0,0.0,0.0,0.0,0.0,0.0,3.8738125895678266,5.0,0.0,1.0,0.0,1.0,1.0,16.0,3.0,7.0,1.0,0.0,0.0,0.0,1.0,1.0,1.0,0.0,https://natwest-livechat.web.app/,0
21.0,3.0,0.0,2.0,0.0,0.0,0.0,0.0,0.0,3.52257158913636,5.0,0.0,1.0,0.0,0.0,1.0,3.0,5.0,9.0,0.0,1.0,0.0,0.0,1.0,1.0,0.0,0.0,https://www.tsb.co.uk,1
63.0,3.0,0.0,7.0,0.0,0.0,0.0,1.0,0.015873015873015872,4.357357503685452,11.0,0.0,1.0,0.0,37.0,1.0,3.0,2.0,14.0,5.0,0.0,0.0,0.0,1.0,1.0,1.0,1.0,https://www.metromedics.co/templates/beez3/r/royal_cu/login.php,0
31.0,2.0,0.0,2.0,0.0,0.0,0.0,0.0,0.0,4.106949132758152,4.0,0.0,1.0,0.0,0.0,1.0,3.0,3.0,19.0,0.0,0.0,0.0,1.0,1.0,1.0,1.0,0.0,https://www.halifaxpresents.com,1
33.0,2.0,1.0,2.0,0.0,0.0,0.0,0.0,0.0,4.051821770808045,5.0,0.0,1.0,0.0,0.0,1.0,3.0,3.0,21.0,0.0,0.0,0.0,0.0,1.0,1.0,1.0,0.0,https://www.revolutionary-war.net,1
32.0,2.0,0.0,2.0,0.0,0.0,0.0,0.0,0.0,4.265319531114783,4.0,0.0,1.0,0.0,0.0,1.0,3.0,3.0,20.0,0.0,0.0,0.0,1.0,1.0,1.0,1.0,0.0,https://www.bankinfosecurity.com,1
34.0,2.0,0.0,2.0,0.0,0.0,0.0,0.0,0.0,4.256149238118268,4.0,0.0,1.0,0.0,0.0,1.0,3.0,3.0,22.0,0.0,0.0,0.0,1.0,1.0,1.0,1.0,0.0,https://www.lumbeeguarantybank.com,1
35.0,2.0,1.0,3.0,0.0,0.0,0.0,0.0,0.0,4.071581588126284,5.0,0.0,1.0,0.0,1.0,1.0,9.0,3.0,16.0,1.0,0.0,0.0,1.0,1.0,1.0,1.0,0.0,https://caixabank.es-sesionnow.com/,0
469.0,13.0,5.0,5.0,0.0,0.0,0.0,105.0,0.22388059701492538,5.218608754088372,59.0,0.0,0.0,427.0,449.0,0.0,0.0,0.0,0.0,3.0,0.0,0.0,0.0,1.0,1.0,1.0,1.0,http://43.134.167.94/v3/signin/identifier?dsh=s17288337%3a1679418087153352&amp%3bfollowup=https%3a%2f%2faccounts.google.com%2f%3f&amp%3bifkv=awnoghemflabfth-d87jcydkbabmoova9ne6snmx0aw7mo1h-qmaqah83ud-jt15feyb8ugi_oot&amp%3bpassive=1209600&amp%3bxrealip=107.178.231.227&continue=https%3a%2f%2faccounts.google.com%2f%3f&xrealip=107.21.207.171&flowname=weblitesignin&flowentry=servicelogin&ifkv=awnoghdj55vlgbyrbsrfii7qjy3kfq39ih0tj3axmuvvr5f-ixa2hemoktmt2xaj3f7-zuejawtl,0
59.0,2.0,2.0,4.0,0.0,0.0,0.0,7.0,0.11864406779661017,4.493688186614821,7.0,0.0,1.0,0.0,9.0,1.0,31.0,3.0,10.0,2.0,0.0,0.0,1.0,1.0,1.0,1.0,0.0,https://connection-orangebank-certicode.derlma.com/8734259/,0
26.0,1.0,1.0,3.0,0.0,0.0,0.0,0.0,0.0,3.921029621737615,4.0,0.0,0.0,0.0,1.0,0.0,0.0,3.0,18.0,1.0,0.0,0.0,1.0,1.0,2.0,1.0,0.0,http://ing-logbanking.com/,0
26.0,3.0,0.0,2.0,0.0,0.0,0.0,0.0,0.0,3.53257325750262,5.0,0.0,1.0,0.0,0.0,1.0,3.0,6.0,14.0,0.0,0.0,0.0,0.0,1.0,1.0,1.0,0.0,https://www.ntmetro.com.tw,1
41.0,2.0,0.0,4.0,0.0,0.0,0.0,5.0,0.12195121951219512,4.424267553240269,6.0,0.0,1.0,0.0,14.0,1.0,8.0,2.0,10.0,2.0,0.0,1.0,0.0,1.0,1.0,1.0,0.0,https://sberbank.id72136.ru/merchant/code,0
59.0,2.0,2.0,4.0,0.0,0.0,0.0,7.0,0.11864406779661017,4.493688186614821,7.0,0.0,1.0,0.0,9.0,1.0,31.0,3.0,10.0,2.0,0.0,0.0,1.0,1.0,1.0,1.0,0.0,https://connection-orangebank-certicode.derlma.com/2589743/,0
45.0,2.0,1.0,3.0,0.0,0.0,0.0,0.0,0.0,4.083318029990694,5.0,0.0,1.0,0.0,1.0,1.0,20.0,2.0,15.0,1.0,0.0,0.0,0.0,1.0,1.0,1.0,0.0,https://dev-ficohsainterbank.pantheonsite.io/,0
85.0,4.0,2.0,7.0,0.0,1.0,0.0,14.0,0.16470588235294117,4.760508842979806,11.0,0.0,1.0,0.0,36.0,1.0,23.0,3.0,17.0,5.0,0.0,0.0,1.0,1.0,2.0,1.0,1.0,https://phpstack-937117-3256506.cloudwaysapps.com/ebanking2.danskebank.fi/pub/logon//,0
27.0,3.0,0.0,2.0,0.0,0.0,0.0,0.0,0.0,3.930270372293453,5.0,0.0,1.0,0.0,0.0,1.0,3.0,6.0,15.0,0.0,0.0,0.0,0.0,1.0,1.0,1.0,0.0,https://www.halkbank.com.tr,1
27.0,2.0,0.0,2.0,0.0,0.0,0.0,0.0,0.0,3.9582291686698783,4.0,0.0,0.0,0.0,0.0,1.0,3.0,3.0,16.0,0.0,0.0,0.0,1.0,1.0,1.0,1.0,0.0,http://www.aebankonline.com,0
32.0,2.0,1.0,4.0,0.0,0.0,0.0,0.0,0.0,4.413909765557392,5.0,0.0,1.0,0.0,3.0,1.0,9.0,3.0,11.0,2.0,0.0,1.0,0.0,1.0,1.0,1.0,0.0,https://metrograd.wl-link.xyz/#/,0
39.0,2.0,0.0,2.0,0.0,0.0,0.0,0.0,0.0,4.128494129663178,4.0,0.0,1.0,0.0,0.0,1.0,3.0,3.0,27.0,0.0,0.0,0.0,1.0,1.0,1.0,1.0,0.0,https://www.eleganteventsbymichalea.com,1
56.0,4.0,0.0,7.0,0.0,1.0,0.0,0.0,0.0,4.0815477271630645,9.0,0.0,1.0,0.0,38.0,0.0,0.0,3.0,10.0,5.0,0.0,0.0,1.0,1.0,2.0,1.0,1.0,https://teenmg.com//c/internetbanking.caixa.gov.rz/site/,0
26.0,2.0,0.0,2.0,0.0,0.0,0.0,0.0,0.0,4.026986833359287,4.0,0.0,1.0,0.0,0.0,1.0,3.0,4.0,14.0,0.0,0.0,0.0,0.0,1.0,1.0,1.0,0.0,https://www.consumers.bank,1
24.0,2.0,0.0,2.0,0.0,0.0,0.0,0.0,0.0,3.823934896284056,4.0,0.0,1.0,0.0,0.0,1.0,3.0,4.0,12.0,0.0,0.0,0.0,0.0,1.0,1.0,1.0,0.0,https://www.sturgis.bank,1
36.0,3.0,0.0,2.0,0.0,0.0,0.0,0.0,0.0,3.838920919195267,5.0,0.0,1.0,0.0,0.0,1.0,3.0,5.0,24.0,0.0,0.0,0.0,0.0,1.0,1.0,1.0,0.0,https://www.cittametropolitana.fi.it,1
31.0,2.0,0.0,2.0,0.0,0.0,0.0,0.0,0.0,4.103727665980414,4.0,0.0,1.0,0.0,0.0,1.0,3.0,3.0,19.0,0.0,0.0,0.0,1.0,1.0,1.0,1.0,0.0,https://www.bankofoldmonroe.com,1
250.0,3.0,1.0,3.0,0.0,0.0,0.0,34.0,0.136,5.074351951159536,45.0,0.0,1.0,214.0,225.0,1.0,3.0,3.0,13.0,1.0,0.0,0.0,1.0,1.0,1.0,1.0,0.0,https://you.weebitbig.com/click.php?key=ucnv9q0m197sem1pfs7z&tracking_id=633b0ab8d4c37&campaign_id=9012&text_id=notice%3a+your+stimulus+check+has+to+be+claimed+today+or+else+%7b%7bhttps_url%7d%7d&list_id=4487&route_name=usa+8+%28t-mobile+%2b+metro%29,0
32.0,2.0,0.0,2.0,0.0,0.0,0.0,0.0,0.0,4.179229296672175,4.0,0.0,1.0,0.0,0.0,1.0,3.0,3.0,20.0,0.0,0.0,0.0,0.0,1.0,1.0,1.0,0.0,https://www.fairbankschamber.org,1
94.0,4.0,0.0,4.0,0.0,0.0,0.0,8.0,0.0851063829787234,4.552495001694791,14.0,0.0,1.0,33.0,51.0,1.0,3.0,6.0,31.0,2.0,0.0,0.0,0.0,1.0,1.0,1.0,1.0,"https://www.metroredinmobiliariacali.com.co/occi/confirm.php?regh=hujjy,%22ficohsa%22,%22hn%22",0
23.0,2.0,0.0,2.0,0.0,0.0,0.0,0.0,0.0,3.8820451081368623,4.0,0.0,1.0,0.0,0.0,1.0,3.0,3.0,11.0,0.0,0.0,0.0,1.0,1.0,1.0,1.0,0.0,https://www.rbcbank.com,1
120.0,6.0,0.0,3.0,1.0,0.0,0.0,12.0,0.1,4.930383209614413,11.0,0.0,1.0,24.0,38.0,2.0,64.0,4.0,9.0,1.0,0.0,0.0,0.0,1.0,1.0,1.0,0.0,https://bafybeib2gf24er55gzcqdyxuysgvho2vzvohv3kx6dk6ynsw5dh2wxgywa.ipfs.dweb.link/pl2auth.html?phishing@santander.co.uk,0
32.0,3.0,0.0,2.0,0.0,0.0,0.0,0.0,0.0,3.9445488277869583,5.0,0.0,1.0,0.0,0.0,1.0,3.0,6.0,20.0,0.0,0.0,0.0,0.0,1.0,1.0,1.0,0.0,https://www.robinsonsbank.com.ph,1
46.0,2.0,2.0,3.0,0.0,0.0,0.0,0.0,0.0,3.950981598934461,5.0,0.0,1.0,0.0,1.0,1.0,29.0,2.0,7.0,1.0,0.0,0.0,0.0,1.0,1.0,1.0,0.0,https://bancaporinternet--interbankpe.repl.co/,0
41.0,2.0,0.0,3.0,0.0,0.0,0.0,0.0,0.0,3.9937435421572633,5.0,0.0,1.0,0.0,7.0,1.0,14.0,3.0,11.0,1.0,0.0,0.0,1.0,1.0,2.0,1.0,0.0,https://santanderbbank.wixsite.com/attnet,0
55.0,2.0,1.0,4.0,0.0,0.0,0.0,0.0,0.0,4.30646125027441,9.0,0.0,1.0,12.0,39.0,0.0,0.0,2.0,8.0,2.0,0.0,0.0,0.0,1.0,1.0,1.0,0.0,https://rondo.su/mbanku-poland/private.php?data=loading,0
26.0,2.0,1.0,2.0,0.0,0.0,0.0,0.0,0.0,4.056020968057882,5.0,0.0,0.0,0.0,0.0,1.0,3.0,2.0,15.0,0.0,0.0,1.0,0.0,1.0,1.0,1.0,0.0,http://www.ir-kosarbank.cf,0
23.0,2.0,0.0,2.0,0.0,0.0,0.0,0.0,0.0,3.9690016298759927,4.0,0.0,1.0,0.0,0.0,1.0,3.0,2.0,11.0,0.0,0.0,0.0,0.0,1.0,1.0,1.0,0.0,https://www.equabank.cz,1
28.0,2.0,0.0,2.0,0.0,0.0,0.0,0.0,0.0,3.896291529045928,4.0,0.0,0.0,0.0,0.0,1.0,3.0,3.0,17.0,0.0,0.0,0.0,1.0,1.0,1.0,1.0,0.0,http://www.bitbankchains.com,0
118.0,3.0,1.0,11.0,0.0,0.0,0.0,0.0,0.0,4.367839465184371,15.0,0.0,1.0,0.0,68.0,1.0,18.0,3.0,23.0,9.0,0.0,0.0,1.0,1.0,1.0,1.0,0.0,https://billboardcompanies.billboardconnection.com/wp-admin/css/colors/light/ccs/carrefourbank/_xroalsffp/px/index.php,0
111.0,8.0,0.0,7.0,0.0,0.0,0.0,13.0,0.11711711711711711,4.733712706562609,15.0,0.0,1.0,0.0,48.0,3.0,26.0,3.0,28.0,5.0,0.0,0.0,1.0,1.0,1.0,1.0,0.0,https://www.globaldirectrelief.org.bankruptcyfilingservices.com/192.185.16.52/emma/neteasehardest/900/index.php,0
38.0,2.0,0.0,2.0,0.0,0.0,0.0,0.0,0.0,3.80004461847901,4.0,0.0,1.0,0.0,0.0,1.0,3.0,3.0,26.0,0.0,0.0,0.0,1.0,1.0,1.0,1.0,0.0,https://www.pittsburghsportsreport.com,1
49.0,2.0,0.0,5.0,0.0,0.0,0.0,0.0,0.0,4.239524579110022,7.0,0.0,1.0,0.0,25.0,1.0,5.0,3.0,10.0,3.0,0.0,0.0,1.0,1.0,1.0,1.0,0.0,https://sites.google.com/view/redirectmybank/home,0
46.0,3.0,0.0,4.0,0.0,0.0,0.0,3.0,0.06521739130434782,4.273911011375186,6.0,0.0,1.0,0.0,6.0,2.0,24.0,2.0,7.0,2.0,0.0,0.0,0.0,1.0,1.0,1.0,0.0,https://interbankgt.htmlserve001.repl.co/desk/,0
27.0,1.0,1.0,3.0,0.0,0.0,0.0,0.0,0.0,4.032303242743952,4.0,0.0,1.0,0.0,1.0,0.0,0.0,3.0,18.0,1.0,0.0,0.0,1.0,1.0,1.0,1.0,0.0,https://umzug-postbank.com/,0
186.0,5.0,2.0,3.0,0.0,0.0,0.0,48.0,0.25806451612903225,4.9764192902868745,18.0,0.0,1.0,119.0,130.0,2.0,18.0,6.0,29.0,1.0,0.0,0.0,0.0,1.0,1.0,1.0,1.0,https://paypal-support.com.desenvolvedortheosbank.com.br/login.php?cmd=_account-details&amp;dispatch=397349bb466ede296367ae3cb92d32c86b079320&amp;session=19f323352d9077c68fb20bcf8e09a7ce,0
27.0,2.0,0.0,2.0,0.0,0.0,0.0,0.0,0.0,3.4541684103574037,4.0,0.0,1.0,0.0,0.0,1.0,3.0,2.0,15.0,0.0,0.0,0.0,0.0,1.0,1.0,1.0,0.0,https://www.metrodoporto.pt,1
40.0,3.0,0.0,3.0,0.0,0.0,0.0,0.0,0.0,4.175070520364182,5.0,0.0,1.0,0.0,1.0,1.0,14.0,5.0,16.0,1.0,0.0,0.0,0.0,1.0,1.0,1.0,0.0,https://homebankigalic.asnufalanu.co.ke/,0
31.0,3.0,1.0,2.0,0.0,0.0,0.0,0.0,0.0,4.014860327200948,6.0,0.0,1.0,0.0,0.0,1.0,3.0,6.0,19.0,0.0,0.0,0.0,0.0,1.0,1.0,1.0,0.0,https://www.central-bank.org.tt,1
72.0,4.0,5.0,3.0,0.0,0.0,0.0,8.0,0.1111111111111111,4.678257078994289,12.0,0.0,0.0,0.0,54.0,0.0,0.0,0.0,0.0,1.0,0.0,0.0,0.0,1.0,1.0,1.0,0.0,http://169.1.16.29/BidvestBank-Swift-evasion-encrypted-no-cloudflare.exe,0
33.0,2.0,0.0,2.0,0.0,0.0,0.0,0.0,0.0,4.165013816065912,4.0,0.0,1.0,0.0,0.0,1.0,3.0,3.0,21.0,0.0,0.0,0.0,1.0,1.0,1.0,1.0,0.0,https://www.sloatsburgvillage.com,1
23.0,2.0,0.0,2.0,0.0,0.0,0.0,0.0,0.0,3.762267390651494,4.0,0.0,0.0,0.0,0.0,1.0,3.0,7.0,12.0,0.0,0.0,0.0,0.0,1.0,1.0,1.0,0.0,http://www.tsbo.company,0
47.0,2.0,3.0,3.0,0.0,0.0,0.0,3.0,0.06382978723404255,4.333651022204145,7.0,0.0,1.0,0.0,1.0,1.0,22.0,3.0,15.0,1.0,0.0,0.0,1.0,1.0,2.0,1.0,0.0,https://ebanking-ch3-ubs-a3ab0.firebaseapp.com/,0
34.0,3.0,0.0,2.0,0.0,0.0,0.0,0.0,0.0,3.9764499732851233,5.0,0.0,1.0,0.0,0.0,1.0,3.0,6.0,22.0,0.0,1.0,0.0,0.0,1.0,1.0,1.0,0.0,https://www.yorkshiremuseum.org.uk,1
35.0,2.0,0.0,2.0,0.0,0.0,0.0,0.0,0.0,4.093149802473811,4.0,0.0,0.0,0.0,0.0,1.0,3.0,2.0,24.0,0.0,0.0,1.0,0.0,1.0,1.0,1.0,0.0,http://www.subesizbankabasvurusu.ml,0
52.0,2.0,2.0,5.0,0.0,0.0,0.0,0.0,0.0,4.144788699110687,9.0,0.0,1.0,0.0,34.0,0.0,0.0,4.0,10.0,3.0,0.0,1.0,0.0,1.0,2.0,1.0,1.0,https://sbbkp.info/de/home/login-online-banking.html,0
129.0,5.0,4.0,4.0,0.0,0.0,0.0,33.0,0.2558139534883721,5.009852458976415,18.0,0.0,1.0,49.0,74.0,2.0,41.0,2.0,5.0,2.0,0.0,0.0,0.0,1.0,2.0,1.0,1.0,https://desco-clienteid-57581.descoresgate-pontos.co.ua/desco-banking/index.php?live=886094547642c4efa2c3897.53271493&amp;rf=pv02,0
32.0,3.0,0.0,3.0,0.0,0.0,0.0,0.0,0.0,4.093139062229566,5.0,0.0,1.0,0.0,1.0,2.0,15.0,2.0,7.0,1.0,0.0,0.0,0.0,1.0,1.0,1.0,0.0,https://interbank.misus.repl.co/,0
59.0,2.0,2.0,4.0,0.0,0.0,0.0,7.0,0.11864406779661017,4.493688186614821,7.0,0.0,1.0,0.0,9.0,1.0,31.0,3.0,10.0,2.0,0.0,0.0,1.0,1.0,1.0,1.0,0.0,https://connection-orangebank-certicode.derlma.com/4738529/,0
27.0,2.0,0.0,2.0,0.0,0.0,0.0,0.0,0.0,3.986187965046303,4.0,0.0,1.0,0.0,0.0,1.0,3.0,3.0,15.0,0.0,0.0,0.0,0.0,1.0,1.0,1.0,0.0,https://www.grameenbank.org,1
52.0,3.0,0.0,3.0,0.0,0.0,0.0,0.0,0.0,3.913711536976004,5.0,0.0,1.0,0.0,1.0,2.0,35.0,2.0,7.0,1.0,0.0,0.0,0.0,1.0,2.0,1.0,0.0,https://onlinebankinggalicia.bancaonlinegal.repl.co/,0
43.0,3.0,0.0,2.0,0.0,0.0,0.0,0.0,0.0,4.297675800911846,5.0,0.0,1.0,0.0,0.0,2.0,27.0,2.0,7.0,0.0,0.0,0.0,0.0,1.0,2.0,1.0,0.0,https://homebankings.actualizacionx.repl.co,0
59.0,2.0,2.0,4.0,0.0,0.0,0.0,7.0,0.11864406779661017,4.493688186614821,7.0,0.0,1.0,0.0,9.0,1.0,31.0,3.0,10.0,2.0,0.0,0.0,1.0,1.0,1.0,1.0,0.0,https://connection-orangebank-certicode.derlma.com/3892745/,0
96.0,8.0,0.0,9.0,0.0,0.0,0.0,2.0,0.020833333333333332,4.58717389677155,18.0,0.0,0.0,0.0,96.0,0.0,0.0,6.0,12.0,9.0,0.0,0.0,0.0,1.0,2.0,1.0,1.0,'cntu.org.br/cntu/LightBox/images/www.nab.com.au/ib.nab.com.au/mail/function/online\%20BANKING/',0
59.0,2.0,2.0,4.0,0.0,0.0,0.0,7.0,0.11864406779661017,4.493688186614821,7.0,0.0,1.0,0.0,9.0,1.0,31.0,3.0,10.0,2.0,0.0,0.0,1.0,1.0,1.0,1.0,0.0,https://connection-orangebank-certicode.derlma.com/7953428/,0
26.0,2.0,0.0,2.0,0.0,0.0,0.0,0.0,0.0,3.796217602590056,4.0,0.0,1.0,0.0,0.0,1.0,3.0,3.0,14.0,0.0,0.0,0.0,0.0,1.0,1.0,1.0,0.0,https://www.baltometro.org,1
36.0,5.0,0.0,2.0,0.0,0.0,0.0,0.0,0.0,3.9484203222468373,7.0,0.0,1.0,0.0,0.0,3.0,16.0,5.0,11.0,0.0,0.0,0.0,0.0,1.0,1.0,1.0,0.0,https://www.toukei.metro.tokyo.lg.jp,1
25.0,2.0,0.0,2.0,0.0,0.0,0.0,0.0,0.0,3.813660689688186,4.0,0.0,1.0,0.0,0.0,1.0,3.0,2.0,13.0,0.0,0.0,0.0,0.0,1.0,1.0,1.0,0.0,https://www.nieuwsbank.nl,1
24.0,2.0,0.0,2.0,0.0,0.0,0.0,0.0,0.0,3.7720552088742005,4.0,0.0,0.0,0.0,0.0,1.0,3.0,2.0,13.0,0.0,0.0,1.0,0.0,1.0,1.0,1.0,0.0,http://www.bankrebres.ru,0
202.0,3.0,7.0,3.0,0.0,0.0,0.0,39.0,0.19306930693069307,5.178256606188412,18.0,0.0,1.0,152.0,164.0,1.0,22.0,3.0,7.0,1.0,0.0,0.0,0.0,1.0,2.0,1.0,1.0,https://ebanking-ch3-ubs-a3ab0.web.app/login.html?session=rdq2xavbrotxo7gl4o8yznexfndtecogtaxjhzaxi1lalm17gue52zvvwtt7h4dvcn2rzdsggazj18dt9wd22qxgtw70w1auq2&amp;auth=71bdc05c-60ce-409c-a7a5-bfc3aa2be16f,0
29.0,2.0,0.0,2.0,0.0,0.0,0.0,0.0,0.0,3.9783335811852636,4.0,0.0,1.0,0.0,0.0,1.0,3.0,3.0,17.0,0.0,0.0,0.0,1.0,1.0,1.0,1.0,0.0,https://www.synchronybank.com,1
88.0,4.0,5.0,5.0,0.0,0.0,0.0,11.0,0.125,4.563022142823415,13.0,0.0,1.0,0.0,17.0,3.0,52.0,4.0,10.0,3.0,0.0,0.0,0.0,1.0,1.0,1.0,0.0,https://volksbank-securego.eloquent-aryabhata.179-43-142-232.plesk.page/volksbank/konto/,0
31.0,2.0,0.0,2.0,0.0,0.0,0.0,0.0,0.0,4.026619294188054,4.0,0.0,1.0,0.0,0.0,1.0,3.0,3.0,19.0,0.0,0.0,0.0,0.0,1.0,1.0,1.0,0.0,https://www.pacwashmetrodiv.org,1
32.0,4.0,1.0,2.0,0.0,0.0,0.0,1.0,0.03125,4.054229296672175,7.0,0.0,0.0,0.0,0.0,3.0,14.0,3.0,10.0,0.0,0.0,0.0,1.0,1.0,1.0,1.0,0.0,http://www.nbg.i-bank.b0xtch.com,0
58.0,3.0,0.0,3.0,0.0,0.0,0.0,0.0,0.0,4.305582718967093,5.0,0.0,1.0,0.0,1.0,2.0,37.0,3.0,11.0,1.0,0.0,0.0,0.0,1.0,1.0,1.0,0.0,https://bankkofameriicalogin.bankofamericasbm.workers.dev/,0
33.0,2.0,0.0,2.0,0.0,0.0,0.0,0.0,0.0,3.9195633472747033,4.0,0.0,1.0,0.0,0.0,1.0,3.0,3.0,21.0,0.0,0.0,0.0,1.0,1.0,1.0,1.0,0.0,https://www.portraitsbyshanti.com,1
24.0,2.0,0.0,2.0,0.0,0.0,0.0,0.0,0.0,3.938721875540867,4.0,0.0,1.0,0.0,0.0,1.0,3.0,2.0,12.0,0.0,0.0,0.0,0.0,1.0,1.0,1.0,0.0,https://www.cartubank.ge,1
50.0,2.0,1.0,4.0,0.0,0.0,0.0,0.0,0.0,4.161076880026372,7.0,0.0,1.0,0.0,34.0,0.0,0.0,2.0,8.0,2.0,0.0,0.0,0.0,1.0,1.0,1.0,0.0,https://rondo.su/mbanku-poland/yourinformation.php,0
85.0,6.0,2.0,5.0,0.0,0.0,0.0,0.0,0.0,4.3919670018608565,13.0,0.0,1.0,30.0,41.0,1.0,26.0,2.0,9.0,3.0,0.0,0.0,0.0,1.0,1.0,1.0,0.0,https://hyper-lovely-parallelogram.glitch.me/nashr.htm?/natwestb.ankcre.card/info.htm,0
59.0,2.0,2.0,4.0,0.0,0.0,0.0,7.0,0.11864406779661017,4.493688186614821,7.0,0.0,1.0,0.0,9.0,1.0,31.0,3.0,10.0,2.0,0.0,0.0,1.0,1.0,1.0,1.0,0.0,https://connection-orangebank-certicode.derlma.com/9827345/,0
35.0,2.0,1.0,3.0,0.0,0.0,0.0,0.0,0.0,3.95729587384057,5.0,0.0,1.0,0.0,1.0,1.0,10.0,2.0,15.0,1.0,0.0,0.0,0.0,1.0,1.0,1.0,0.0,https://dev-bibank.pantheonsite.io/,0
36.0,2.0,0.0,2.0,0.0,0.0,0.0,0.0,0.0,4.17619062614183,4.0,0.0,1.0,0.0,0.0,1.0,3.0,3.0,24.0,0.0,0.0,0.0,0.0,1.0,1.0,1.0,0.0,https://www.herbsocietynashville.org,1
19.0,2.0,0.0,2.0,0.0,0.0,0.0,0.0,0.0,3.6818808028034025,4.0,0.0,1.0,0.0,0.0,1.0,3.0,4.0,7.0,0.0,0.0,0.0,0.0,1.0,1.0,1.0,0.0,https://www.fm.bank,1
73.0,3.0,0.0,4.0,0.0,0.0,0.0,5.0,0.0684931506849315,4.537723751563198,7.0,0.0,1.0,0.0,40.0,1.0,10.0,5.0,14.0,2.0,0.0,0.0,0.0,1.0,1.0,1.0,0.0,https://organisasi.bulungan.go.id/public/ao5pbzpzswtsbxocmx6tck7wz6xbzg2p,0
28.0,2.0,0.0,2.0,0.0,0.0,0.0,0.0,0.0,3.7264741182543757,4.0,0.0,1.0,0.0,0.0,1.0,3.0,3.0,16.0,0.0,0.0,0.0,0.0,1.0,1.0,1.0,0.0,https://www.revolutiontt.net,1
28.0,2.0,0.0,2.0,0.0,0.0,0.0,0.0,0.0,3.770942421748537,4.0,0.0,1.0,0.0,0.0,1.0,3.0,3.0,16.0,0.0,0.0,0.0,1.0,1.0,1.0,1.0,0.0,https://www.exploremetro.com,1
35.0,2.0,3.0,3.0,0.0,0.0,0.0,0.0,0.0,4.071581588126284,7.0,0.0,1.0,0.0,1.0,1.0,18.0,3.0,7.0,1.0,0.0,0.0,0.0,1.0,1.0,1.0,0.0,https://my-commbank-com-au.web.app/,0
26.0,2.0,0.0,2.0,0.0,0.0,0.0,0.0,0.0,3.873140679513133,4.0,0.0,1.0,0.0,0.0,1.0,3.0,3.0,14.0,0.0,0.0,0.0,1.0,1.0,1.0,1.0,0.0,https://www.abacusbank.com,1
34.0,2.0,0.0,3.0,0.0,0.0,0.0,0.0,0.0,3.90320806164768,5.0,0.0,0.0,0.0,11.0,0.0,0.0,3.0,16.0,1.0,0.0,0.0,1.0,1.0,1.0,1.0,1.0,http://chaseusabank.com/update.php,0
41.0,3.0,0.0,2.0,0.0,0.0,0.0,0.0,0.0,4.076348955520991,5.0,0.0,1.0,0.0,0.0,2.0,25.0,2.0,7.0,0.0,0.0,0.0,0.0,1.0,2.0,1.0,0.0,https://onlibankingal.hbpreseggal.repl.co,0
29.0,2.0,0.0,2.0,0.0,0.0,0.0,0.0,0.0,4.1852301329094015,4.0,0.0,1.0,0.0,0.0,1.0,3.0,3.0,17.0,0.0,0.0,0.0,1.0,1.0,1.0,1.0,0.0,https://www.mysunrisebank.com,1
25.0,2.0,0.0,2.0,0.0,0.0,0.0,0.0,0.0,3.7532696895151085,4.0,0.0,1.0,0.0,0.0,1.0,3.0,3.0,13.0,0.0,0.0,0.0,0.0,1.0,1.0,1.0,0.0,https://www.ridemetro.org,1
43.0,3.0,0.0,3.0,0.0,0.0,0.0,7.0,0.16279069767441862,4.315231324217973,5.0,0.0,1.0,0.0,1.0,2.0,26.0,2.0,7.0,1.0,0.0,0.0,0.0,1.0,2.0,1.0,0.0,https://onlinebankingblock.6875565.repl.co/,0
27.0,2.0,0.0,2.0,0.0,0.0,0.0,0.0,0.0,3.8380398168981547,4.0,0.0,1.0,0.0,0.0,1.0,3.0,3.0,15.0,0.0,0.0,0.0,1.0,1.0,1.0,0.0,0.0,https://www.firstdirect.com,1
69.0,2.0,1.0,8.0,0.0,0.0,0.0,6.0,0.08695652173913043,4.447606211356027,11.0,0.0,1.0,0.0,46.0,0.0,0.0,3.0,15.0,6.0,0.0,0.0,1.0,1.0,1.0,1.0,1.0,https://dieukhactbk.com/wp-content/uploads/2023/01/combank/signin.php,0
30.0,2.0,0.0,2.0,0.0,0.0,0.0,0.0,0.0,3.7362434129830606,4.0,0.0,1.0,0.0,0.0,1.0,3.0,3.0,18.0,0.0,0.0,0.0,0.0,1.0,1.0,1.0,0.0,https://www.treepittsburgh.org,1
27.0,2.0,0.0,2.0,0.0,0.0,0.0,0.0,0.0,4.032303242743952,4.0,0.0,1.0,0.0,0.0,1.0,3.0,2.0,15.0,0.0,0.0,0.0,0.0,1.0,1.0,1.0,0.0,https://www.bankofgreece.gr,1
24.0,2.0,0.0,2.0,0.0,0.0,0.0,0.0,0.0,3.970175521464345,4.0,0.0,1.0,0.0,0.0,1.0,3.0,2.0,12.0,0.0,0.0,0.0,0.0,1.0,1.0,1.0,0.0,https://www.hellobank.fr,1
31.0,2.0,1.0,2.0,0.0,0.0,0.0,0.0,0.0,4.131300342505361,5.0,0.0,1.0,0.0,0.0,1.0,3.0,3.0,19.0,0.0,0.0,0.0,1.0,1.0,2.0,1.0,0.0,https://www.islamic-banking.com,1
192.0,6.0,1.0,11.0,0.0,1.0,0.0,1.0,0.005208333333333333,4.365776998267883,24.0,0.0,1.0,153.0,167.0,0.0,0.0,3.0,17.0,9.0,0.0,0.0,1.0,1.0,1.0,1.0,1.0,https://tristenarnold.com/wp/login.php?page=/user-management/confirmation&setlng=en&returnurl=https://www1.scotiaonline.scotiabank.com/online/authentication/authentication.bns?language=english,0
185.0,5.0,2.0,3.0,0.0,0.0,0.0,40.0,0.21621621621621623,4.979185577863567,18.0,0.0,0.0,119.0,130.0,2.0,18.0,6.0,29.0,1.0,0.0,0.0,0.0,1.0,1.0,1.0,1.0,http://paypal-support.com.desenvolvedortheosbank.com.br/login.php?cmd=_account-details&amp;session=77ccf06f7e979801e1bf62defdaf2b7c&amp;dispatch=641ca8be9f5a0f7995397b336da3fc1d0d519d6f,0
28.0,2.0,0.0,2.0,0.0,0.0,0.0,0.0,0.0,3.7803946541231945,4.0,0.0,1.0,0.0,0.0,1.0,3.0,3.0,16.0,0.0,0.0,0.0,1.0,1.0,1.0,1.0,0.0,https://www.eastwestbank.com,1
36.0,2.0,0.0,2.0,0.0,0.0,0.0,0.0,0.0,3.9959065984842455,4.0,0.0,1.0,0.0,0.0,1.0,3.0,2.0,24.0,0.0,0.0,0.0,0.0,1.0,1.0,1.0,0.0,https://www.scotiabanknuitblanche.ca,1
